Algo_1 L,Algo_2 B,Algo_3 L20,Algo_4 L25,M,N,notes
0.1549999713897705,0.47852253913879395,0.10141420364379883,0.06800031661987305,600,18,"num subsets 为 90, algo_4 为使用更快算法的Lomonosov方法"
0.1640000343322754,0.6282534599304199,0.14519357681274414,0.0771799087524414,600,18,"num subsets 为 90, algo_4 为使用更快算法的Lomonosov方法"
0.3079044818878174,0.6236493587493896,0.2520308494567871,0.12455081939697266,600,18,"num subsets 为 90, algo_4 为使用更快算法的Lomonosov方法"
0.306490421295166,0.6349973678588867,0.15862083435058594,0.15542840957641602,600,18,"num subsets 为 90, algo_4 为使用更快算法的Lomonosov方法"
0.3065211772918701,0.8015439510345459,0.1950969696044922,0.14261245727539062,600,18,"num subsets 为 90, algo_4 为使用更快算法的Lomonosov方法"
0.3090381622314453,0.8373334407806396,0.25008225440979004,0.12999987602233887,600,18,"num subsets 为 90, algo_4 为使用更快算法的Lomonosov方法"
0.4464607238769531,0.4457111358642578,0.29252004623413086,0.2120063304901123,600,18,"num subsets 为 90, algo_4 为使用更快算法的Lomonosov方法"
0.2454688549041748,1.9640138149261475,0.16257596015930176,0.10942530632019043,600,18,"num subsets 为 90, algo_4 为使用更快算法的Lomonosov方法"
0.30447864532470703,0.7895708084106445,0.31157970428466797,0.11151289939880371,600,18,"num subsets 为 90, algo_4 为使用更快算法的Lomonosov方法"
0.30943989753723145,0.3585841655731201,0.19440793991088867,0.14516949653625488,600,18,"num subsets 为 90, algo_4 为使用更快算法的Lomonosov方法"
0.4446582794189453,0.4981710910797119,0.2720675468444824,0.20884990692138672,600,18,"num subsets 为 90, algo_4 为使用更快算法的Lomonosov方法"
0.29499053955078125,0.483046293258667,0.15914607048034668,0.1345195770263672,600,18,"num subsets 为 90, algo_4 为使用更快算法的Lomonosov方法"
0.46839451789855957,0.8570437431335449,0.3980844020843506,0.2194194793701172,600,18,"num subsets 为 90, algo_4 为使用更快算法的Lomonosov方法"
0.43748044967651367,0.35300111770629883,0.25484299659729004,0.23173856735229492,600,18,"num subsets 为 90, algo_4 为使用更快算法的Lomonosov方法"
0.31000852584838867,0.3864247798919678,0.2786111831665039,0.14099502563476562,600,18,"num subsets 为 90, algo_4 为使用更快算法的Lomonosov方法"
0.32531094551086426,0.398296594619751,0.22177505493164062,0.18851351737976074,600,18,"num subsets 为 90, algo_4 为使用更快算法的Lomonosov方法"
0.4719362258911133,0.24956679344177246,0.23399829864501953,0.2455296516418457,600,18,"num subsets 为 90, algo_4 为使用更快算法的Lomonosov方法"
0.31877779960632324,0.29018473625183105,0.2438335418701172,0.14560961723327637,600,18,"num subsets 为 90, algo_4 为使用更快算法的Lomonosov方法"
0.2520744800567627,1.6450550556182861,0.22100043296813965,0.10761499404907227,600,18,"num subsets 为 90, algo_4 为使用更快算法的Lomonosov方法"
0.43086886405944824,2.659193754196167,0.39064455032348633,0.18599176406860352,600,18,"num subsets 为 90, algo_4 为使用更快算法的Lomonosov方法"
0.30625009536743164,0.8366570472717285,0.31482458114624023,0.12300586700439453,600,18,"num subsets 为 90, algo_4 为使用更快算法的Lomonosov方法"
0.4653961658477783,0.44304418563842773,0.29607439041137695,0.23492693901062012,600,18,"num subsets 为 90, algo_4 为使用更快算法的Lomonosov方法"
0.4331035614013672,0.29599833488464355,0.3247060775756836,0.21275091171264648,600,18,"num subsets 为 90, algo_4 为使用更快算法的Lomonosov方法"
0.305009126663208,0.7041587829589844,0.1437053680419922,0.1305239200592041,600,18,"num subsets 为 90, algo_4 为使用更快算法的Lomonosov方法"
0.3159949779510498,0.4020264148712158,0.2290177345275879,0.1570427417755127,600,18,"num subsets 为 90, algo_4 为使用更快算法的Lomonosov方法"
0.3440132141113281,0.26217174530029297,0.2140204906463623,0.1869957447052002,600,18,"num subsets 为 90, algo_4 为使用更快算法的Lomonosov方法"
0.3244900703430176,0.5400094985961914,0.3330368995666504,0.1505134105682373,600,18,"num subsets 为 90, algo_4 为使用更快算法的Lomonosov方法"
0.5227885246276855,0.1715238094329834,0.3375730514526367,0.2910001277923584,600,18,"num subsets 为 90, algo_4 为使用更快算法的Lomonosov方法"
0.19100189208984375,0.20859932899475098,0.1358330249786377,0.1349952220916748,600,18,"num subsets 为 90, algo_4 为使用更快算法的Lomonosov方法"
0.11199736595153809,1.0125999450683594,0.1099996566772461,0.09718656539916992,600,18,"num subsets 为 90, algo_4 为使用更快算法的Lomonosov方法"
0.4499382972717285,0.37458038330078125,0.33262062072753906,0.24459338188171387,600,18,"num subsets 为 90, algo_4 为使用更快算法的Lomonosov方法"
0.3231322765350342,1.0184173583984375,0.3278937339782715,0.15801167488098145,600,18,"num subsets 为 90, algo_4 为使用更快算法的Lomonosov方法"
0.18115711212158203,0.5345184803009033,0.1990036964416504,0.1195673942565918,600,18,"num subsets 为 90, algo_4 为使用更快算法的Lomonosov方法"
0.34655022621154785,0.1399998664855957,0.263263463973999,0.20399880409240723,600,18,"num subsets 为 90, algo_4 为使用更快算法的Lomonosov方法"
0.4474787712097168,0.3690371513366699,0.39814329147338867,0.2522263526916504,600,18,"num subsets 为 90, algo_4 为使用更快算法的Lomonosov方法"
0.3305537700653076,0.5737113952636719,0.2780148983001709,0.1939990520477295,600,18,"num subsets 为 90, algo_4 为使用更快算法的Lomonosov方法"
0.46913719177246094,1.8718652725219727,0.32613110542297363,0.2641637325286865,600,18,"num subsets 为 90, algo_4 为使用更快算法的Lomonosov方法"
0.4857192039489746,0.4357442855834961,0.3300211429595947,0.24977827072143555,600,18,"num subsets 为 90, algo_4 为使用更快算法的Lomonosov方法"
0.32708048820495605,0.2089998722076416,0.21404194831848145,0.19467425346374512,600,18,"num subsets 为 90, algo_4 为使用更快算法的Lomonosov方法"
0.18351173400878906,0.3767406940460205,0.17952585220336914,0.11400008201599121,600,18,"num subsets 为 90, algo_4 为使用更快算法的Lomonosov方法"
0.4612255096435547,0.3505210876464844,0.3126645088195801,0.26199984550476074,600,18,"num subsets 为 90, algo_4 为使用更快算法的Lomonosov方法"
0.3402121067047119,0.39608001708984375,0.24092864990234375,0.2020096778869629,600,18,"num subsets 为 90, algo_4 为使用更快算法的Lomonosov方法"
0.3490607738494873,0.2440323829650879,0.2769742012023926,0.20300006866455078,600,18,"num subsets 为 90, algo_4 为使用更快算法的Lomonosov方法"
0.46520328521728516,0.4619777202606201,0.3540828227996826,0.2525804042816162,600,18,"num subsets 为 90, algo_4 为使用更快算法的Lomonosov方法"
0.46271491050720215,0.38704919815063477,0.3497030735015869,0.27060985565185547,600,18,"num subsets 为 90, algo_4 为使用更快算法的Lomonosov方法"
0.330014705657959,0.7797021865844727,0.30352139472961426,0.16199946403503418,600,18,"num subsets 为 90, algo_4 为使用更快算法的Lomonosov方法"
0.33664560317993164,0.62265944480896,0.2745234966278076,0.21079373359680176,600,18,"num subsets 为 90, algo_4 为使用更快算法的Lomonosov方法"
0.3533775806427002,0.4153099060058594,0.22612428665161133,0.21600008010864258,600,18,"num subsets 为 90, algo_4 为使用更快算法的Lomonosov方法"
0.3458867073059082,0.33206605911254883,0.3160545825958252,0.2173938751220703,600,18,"num subsets 为 90, algo_4 为使用更快算法的Lomonosov方法"
0.5348634719848633,0.6241044998168945,0.4331846237182617,0.2836577892303467,600,18,"num subsets 为 90, algo_4 为使用更快算法的Lomonosov方法"
0.18202590942382812,0.5056593418121338,0.1739976406097412,0.14001035690307617,600,18,"num subsets 为 90, algo_4 为使用更快算法的Lomonosov方法"
0.3380899429321289,0.5637967586517334,0.2671980857849121,0.2248532772064209,600,18,"num subsets 为 90, algo_4 为使用更快算法的Lomonosov方法"
0.3512001037597656,0.3444547653198242,0.25620126724243164,0.2695126533508301,600,18,"num subsets 为 90, algo_4 为使用更快算法的Lomonosov方法"
0.4921841621398926,0.4643135070800781,0.4183542728424072,0.2698218822479248,600,18,"num subsets 为 90, algo_4 为使用更快算法的Lomonosov方法"
0.5314722061157227,0.821387767791748,0.4061713218688965,0.29732418060302734,600,18,"num subsets 为 90, algo_4 为使用更快算法的Lomonosov方法"
0.18613648414611816,0.6883053779602051,0.1765155792236328,0.13020968437194824,600,18,"num subsets 为 90, algo_4 为使用更快算法的Lomonosov方法"
0.4797017574310303,0.2848353385925293,0.3577585220336914,0.3063077926635742,600,18,"num subsets 为 90, algo_4 为使用更快算法的Lomonosov方法"
0.34965085983276367,0.3988039493560791,0.3361358642578125,0.21462631225585938,600,18,"num subsets 为 90, algo_4 为使用更快算法的Lomonosov方法"
0.3517758846282959,0.48897361755371094,0.3135364055633545,0.2162463665008545,600,18,"num subsets 为 90, algo_4 为使用更快算法的Lomonosov方法"
0.3888368606567383,0.988537073135376,0.39508962631225586,0.1876058578491211,600,18,"num subsets 为 90, algo_4 为使用更快算法的Lomonosov方法"
0.33692049980163574,0.8429169654846191,0.266329288482666,0.19232511520385742,600,18,"num subsets 为 90, algo_4 为使用更快算法的Lomonosov方法"
0.18310928344726562,0.4296712875366211,0.20664000511169434,0.15224552154541016,600,18,"num subsets 为 90, algo_4 为使用更快算法的Lomonosov方法"
0.34600019454956055,0.46505069732666016,0.2962510585784912,0.22367477416992188,600,18,"num subsets 为 90, algo_4 为使用更快算法的Lomonosov方法"
0.3376483917236328,0.5033199787139893,0.27159810066223145,0.19154739379882812,600,18,"num subsets 为 90, algo_4 为使用更快算法的Lomonosov方法"
0.4964923858642578,0.3365366458892822,0.3840782642364502,0.31334757804870605,600,18,"num subsets 为 90, algo_4 为使用更快算法的Lomonosov方法"
0.3600172996520996,0.3415834903717041,0.29105234146118164,0.259340763092041,600,18,"num subsets 为 90, algo_4 为使用更快算法的Lomonosov方法"
0.36954259872436523,0.9837977886199951,0.3275928497314453,0.23345232009887695,600,18,"num subsets 为 90, algo_4 为使用更快算法的Lomonosov方法"
0.3570899963378906,0.6793742179870605,0.33753275871276855,0.26303887367248535,600,18,"num subsets 为 90, algo_4 为使用更快算法的Lomonosov方法"
0.3536198139190674,0.9768116474151611,0.4106626510620117,0.20652270317077637,600,18,"num subsets 为 90, algo_4 为使用更快算法的Lomonosov方法"
0.37301111221313477,0.2591555118560791,0.2841062545776367,0.2265462875366211,600,18,"num subsets 为 90, algo_4 为使用更快算法的Lomonosov方法"
0.2037973403930664,0.4173927307128906,0.1896531581878662,0.16202878952026367,600,18,"num subsets 为 90, algo_4 为使用更快算法的Lomonosov方法"
0.35758495330810547,0.6582837104797363,0.23554062843322754,0.22551512718200684,600,18,"num subsets 为 90, algo_4 为使用更快算法的Lomonosov方法"
0.48700976371765137,0.49103879928588867,0.4196021556854248,0.2890961170196533,600,18,"num subsets 为 90, algo_4 为使用更快算法的Lomonosov方法"
0.36754465103149414,0.4356873035430908,0.29015064239501953,0.25725483894348145,600,18,"num subsets 为 90, algo_4 为使用更快算法的Lomonosov方法"
0.36080265045166016,0.8018505573272705,0.31595826148986816,0.24500417709350586,600,18,"num subsets 为 90, algo_4 为使用更快算法的Lomonosov方法"
0.3655223846435547,0.48490166664123535,0.29605650901794434,0.25761961936950684,600,18,"num subsets 为 90, algo_4 为使用更快算法的Lomonosov方法"
0.3592228889465332,0.5739650726318359,0.3940556049346924,0.25659871101379395,600,18,"num subsets 为 90, algo_4 为使用更快算法的Lomonosov方法"
0.4865272045135498,2.1573548316955566,0.5649242401123047,0.2870450019836426,600,18,"num subsets 为 90, algo_4 为使用更快算法的Lomonosov方法"
0.37102770805358887,0.506887674331665,0.399885892868042,0.22765302658081055,600,18,"num subsets 为 90, algo_4 为使用更快算法的Lomonosov方法"
0.19719910621643066,0.981715202331543,0.2308518886566162,0.21600079536437988,600,18,"num subsets 为 90, algo_4 为使用更快算法的Lomonosov方法"
0.20252537727355957,0.355940580368042,0.1829993724822998,0.17601370811462402,600,18,"num subsets 为 90, algo_4 为使用更快算法的Lomonosov方法"
0.19699931144714355,0.6714687347412109,0.2300570011138916,0.1809992790222168,600,18,"num subsets 为 90, algo_4 为使用更快算法的Lomonosov方法"
0.35537195205688477,0.35044097900390625,0.2850615978240967,0.2516906261444092,600,18,"num subsets 为 90, algo_4 为使用更快算法的Lomonosov方法"
0.37786316871643066,0.6289238929748535,0.3315145969390869,0.26802563667297363,600,18,"num subsets 为 90, algo_4 为使用更快算法的Lomonosov方法"
0.36919569969177246,0.5267081260681152,0.3015563488006592,0.2571284770965576,600,18,"num subsets 为 90, algo_4 为使用更快算法的Lomonosov方法"
0.35930752754211426,0.35753941535949707,0.33105969429016113,0.2792701721191406,600,18,"num subsets 为 90, algo_4 为使用更快算法的Lomonosov方法"
0.37306642532348633,0.4622025489807129,0.29163622856140137,0.27464818954467773,600,18,"num subsets 为 90, algo_4 为使用更快算法的Lomonosov方法"
0.38374829292297363,0.6217818260192871,0.3415534496307373,0.25423169136047363,600,18,"num subsets 为 90, algo_4 为使用更快算法的Lomonosov方法"
0.21338176727294922,0.6083507537841797,0.22099995613098145,0.20239973068237305,600,18,"num subsets 为 90, algo_4 为使用更快算法的Lomonosov方法"
0.3731954097747803,0.5913605690002441,0.36577606201171875,0.321094274520874,600,18,"num subsets 为 90, algo_4 为使用更快算法的Lomonosov方法"
0.3720080852508545,0.3422536849975586,0.2859222888946533,0.2950754165649414,600,18,"num subsets 为 90, algo_4 为使用更快算法的Lomonosov方法"
0.18411946296691895,1.7222883701324463,0.23807048797607422,0.1751539707183838,600,18,"num subsets 为 90, algo_4 为使用更快算法的Lomonosov方法"
0.36736130714416504,0.5537426471710205,0.34363651275634766,0.23761820793151855,600,18,"num subsets 为 90, algo_4 为使用更快算法的Lomonosov方法"
0.36817073822021484,0.19409489631652832,0.28363585472106934,0.24411249160766602,600,18,"num subsets 为 90, algo_4 为使用更快算法的Lomonosov方法"
0.3773820400238037,0.9391670227050781,0.3235304355621338,0.24252605438232422,600,18,"num subsets 为 90, algo_4 为使用更快算法的Lomonosov方法"
0.36774349212646484,0.3102149963378906,0.325411319732666,0.3071448802947998,600,18,"num subsets 为 90, algo_4 为使用更快算法的Lomonosov方法"
0.3751718997955322,0.4860835075378418,0.41272997856140137,0.27973055839538574,600,18,"num subsets 为 90, algo_4 为使用更快算法的Lomonosov方法"
0.3910858631134033,1.1584792137145996,0.40377020835876465,0.2756154537200928,600,18,"num subsets 为 90, algo_4 为使用更快算法的Lomonosov方法"
0.22050952911376953,0.3676483631134033,0.22000741958618164,0.21004104614257812,600,18,"num subsets 为 90, algo_4 为使用更快算法的Lomonosov方法"
0.38604187965393066,0.24860548973083496,0.34656596183776855,0.27452707290649414,600,18,"num subsets 为 90, algo_4 为使用更快算法的Lomonosov方法"
0.5129499435424805,0.20551609992980957,0.41321587562561035,0.3466320037841797,600,18,"num subsets 为 90, algo_4 为使用更快算法的Lomonosov方法"
0.38904643058776855,0.536379337310791,0.3465125560760498,0.2805633544921875,600,18,"num subsets 为 90, algo_4 为使用更快算法的Lomonosov方法"
0.37352609634399414,0.5901498794555664,0.29937100410461426,0.32662200927734375,600,18,"num subsets 为 90, algo_4 为使用更快算法的Lomonosov方法"
0.3864872455596924,0.5116674900054932,0.3601236343383789,0.2688934803009033,600,18,"num subsets 为 90, algo_4 为使用更快算法的Lomonosov方法"
0.1900029182434082,0.5611612796783447,0.26751208305358887,0.1940009593963623,600,18,"num subsets 为 90, algo_4 为使用更快算法的Lomonosov方法"
0.30855226516723633,2.0530266761779785,0.4455687999725342,0.23158526420593262,600,18,"num subsets 为 90, algo_4 为使用更快算法的Lomonosov方法"
0.21958112716674805,0.7117359638214111,0.26128482818603516,0.23221969604492188,600,18,"num subsets 为 90, algo_4 为使用更快算法的Lomonosov方法"
0.3832576274871826,1.100320816040039,0.41481685638427734,0.2530200481414795,600,18,"num subsets 为 90, algo_4 为使用更快算法的Lomonosov方法"
0.3894236087799072,0.47578978538513184,0.33899927139282227,0.28752708435058594,600,18,"num subsets 为 90, algo_4 为使用更快算法的Lomonosov方法"
0.38669848442077637,0.6437299251556396,0.28856682777404785,0.2740769386291504,600,18,"num subsets 为 90, algo_4 为使用更快算法的Lomonosov方法"
0.4020240306854248,0.2580068111419678,0.3657848834991455,0.3020763397216797,600,18,"num subsets 为 90, algo_4 为使用更快算法的Lomonosov方法"
0.22429370880126953,0.7373104095458984,0.2689998149871826,0.23002839088439941,600,18,"num subsets 为 90, algo_4 为使用更快算法的Lomonosov方法"
0.3175380229949951,0.8801939487457275,0.32096433639526367,0.2671048641204834,600,18,"num subsets 为 90, algo_4 为使用更快算法的Lomonosov方法"
0.22046232223510742,0.68955397605896,0.30907392501831055,0.22301864624023438,600,18,"num subsets 为 90, algo_4 为使用更快算法的Lomonosov方法"
0.40334224700927734,0.8034515380859375,0.3700108528137207,0.27730774879455566,600,18,"num subsets 为 90, algo_4 为使用更快算法的Lomonosov方法"
0.21787023544311523,0.29308247566223145,0.22574353218078613,0.1961212158203125,600,18,"num subsets 为 90, algo_4 为使用更快算法的Lomonosov方法"
0.6576046943664551,0.3836641311645508,0.45110487937927246,0.4060180187225342,600,18,"num subsets 为 90, algo_4 为使用更快算法的Lomonosov方法"
0.19301319122314453,0.45772838592529297,0.25202131271362305,0.22851324081420898,600,18,"num subsets 为 90, algo_4 为使用更快算法的Lomonosov方法"
0.37727904319763184,0.6472904682159424,0.34325075149536133,0.30373454093933105,600,18,"num subsets 为 90, algo_4 为使用更快算法的Lomonosov方法"
0.3926503658294678,0.499936580657959,0.31156277656555176,0.32199645042419434,600,18,"num subsets 为 90, algo_4 为使用更快算法的Lomonosov方法"
0.21275043487548828,0.3190748691558838,0.2411191463470459,0.22334933280944824,600,18,"num subsets 为 90, algo_4 为使用更快算法的Lomonosov方法"
0.19803690910339355,1.0609276294708252,0.24299407005310059,0.2055799961090088,600,18,"num subsets 为 90, algo_4 为使用更快算法的Lomonosov方法"
0.5718791484832764,0.36165857315063477,0.4233691692352295,0.38379335403442383,600,18,"num subsets 为 90, algo_4 为使用更快算法的Lomonosov方法"
0.21209979057312012,0.7792201042175293,0.2902100086212158,0.23957085609436035,600,18,"num subsets 为 90, algo_4 为使用更快算法的Lomonosov方法"
0.3869490623474121,0.5155196189880371,0.33565831184387207,0.30875706672668457,600,18,"num subsets 为 90, algo_4 为使用更快算法的Lomonosov方法"
0.40276432037353516,0.36680006980895996,0.3677103519439697,0.3390054702758789,600,18,"num subsets 为 90, algo_4 为使用更快算法的Lomonosov方法"
0.21407675743103027,0.5646562576293945,0.26961350440979004,0.2251136302947998,600,18,"num subsets 为 90, algo_4 为使用更快算法的Lomonosov方法"
0.3954489231109619,0.45381665229797363,0.3741447925567627,0.35762929916381836,600,18,"num subsets 为 90, algo_4 为使用更快算法的Lomonosov方法"
0.3838322162628174,0.4221932888031006,0.5026130676269531,0.3025522232055664,600,18,"num subsets 为 90, algo_4 为使用更快算法的Lomonosov方法"
0.4033322334289551,0.6637444496154785,0.3988344669342041,0.32627367973327637,600,18,"num subsets 为 90, algo_4 为使用更快算法的Lomonosov方法"
0.5623643398284912,0.5570454597473145,0.4450340270996094,0.41233015060424805,600,18,"num subsets 为 90, algo_4 为使用更快算法的Lomonosov方法"
0.3790264129638672,0.5043749809265137,0.37354397773742676,0.2660551071166992,600,18,"num subsets 为 90, algo_4 为使用更快算法的Lomonosov方法"
0.24085378646850586,0.29501891136169434,0.27817249298095703,0.23145675659179688,600,18,"num subsets 为 90, algo_4 为使用更快算法的Lomonosov方法"
0.23809289932250977,1.7075350284576416,0.31870293617248535,0.2345724105834961,600,18,"num subsets 为 90, algo_4 为使用更快算法的Lomonosov方法"
0.4370992183685303,0.47904086112976074,0.3579893112182617,0.27104949951171875,600,18,"num subsets 为 90, algo_4 为使用更快算法的Lomonosov方法"
0.39083313941955566,0.45307254791259766,0.3635091781616211,0.3925929069519043,600,18,"num subsets 为 90, algo_4 为使用更快算法的Lomonosov方法"
0.3836181163787842,0.5901875495910645,0.37302255630493164,0.2980937957763672,600,18,"num subsets 为 90, algo_4 为使用更快算法的Lomonosov方法"
0.33705568313598633,1.8123154640197754,0.4356703758239746,0.28602051734924316,600,18,"num subsets 为 90, algo_4 为使用更快算法的Lomonosov方法"
0.5786576271057129,0.8494622707366943,0.5383598804473877,0.44376707077026367,600,18,"num subsets 为 90, algo_4 为使用更快算法的Lomonosov方法"
0.21901226043701172,0.5960743427276611,0.2945671081542969,0.28107285499572754,600,18,"num subsets 为 90, algo_4 为使用更快算法的Lomonosov方法"
0.337019681930542,1.3490910530090332,0.3945777416229248,0.29700422286987305,600,18,"num subsets 为 90, algo_4 为使用更快算法的Lomonosov方法"
0.5872640609741211,0.35508275032043457,0.475085973739624,0.4580247402191162,600,18,"num subsets 为 90, algo_4 为使用更快算法的Lomonosov方法"
0.22821426391601562,0.40959644317626953,0.28695201873779297,0.2929995059967041,600,18,"num subsets 为 90, algo_4 为使用更快算法的Lomonosov方法"
0.5751500129699707,0.6590533256530762,0.43166112899780273,0.36513400077819824,600,18,"num subsets 为 90, algo_4 为使用更快算法的Lomonosov方法"
0.5716807842254639,0.4363727569580078,0.45206141471862793,0.3912787437438965,600,18,"num subsets 为 90, algo_4 为使用更快算法的Lomonosov方法"
0.3945128917694092,0.31798410415649414,0.3766367435455322,0.3488430976867676,600,18,"num subsets 为 90, algo_4 为使用更快算法的Lomonosov方法"
0.2175886631011963,0.3013341426849365,0.24405932426452637,0.26349329948425293,600,18,"num subsets 为 90, algo_4 为使用更快算法的Lomonosov方法"
0.33655714988708496,1.5652577877044678,0.32790231704711914,0.35199570655822754,600,18,"num subsets 为 90, algo_4 为使用更快算法的Lomonosov方法"
0.4001471996307373,0.6524195671081543,0.3828306198120117,0.30446505546569824,600,18,"num subsets 为 90, algo_4 为使用更快算法的Lomonosov方法"
0.39361023902893066,0.35991692543029785,0.35314369201660156,0.374500036239624,600,18,"num subsets 为 90, algo_4 为使用更快算法的Lomonosov方法"
0.40511226654052734,0.49857234954833984,0.38732004165649414,0.37459850311279297,600,18,"num subsets 为 90, algo_4 为使用更快算法的Lomonosov方法"
0.4117608070373535,0.675593376159668,0.5005810260772705,0.3470797538757324,600,18,"num subsets 为 90, algo_4 为使用更快算法的Lomonosov方法"
0.3951833248138428,0.4328460693359375,0.42534804344177246,0.40360498428344727,600,18,"num subsets 为 90, algo_4 为使用更快算法的Lomonosov方法"
0.20053410530090332,0.4182424545288086,0.25962400436401367,0.30758213996887207,600,18,"num subsets 为 90, algo_4 为使用更快算法的Lomonosov方法"
0.4111785888671875,0.47559595108032227,0.4815056324005127,0.3601207733154297,600,18,"num subsets 为 90, algo_4 为使用更快算法的Lomonosov方法"
0.5725700855255127,0.49869656562805176,0.539222240447998,0.4456048011779785,600,18,"num subsets 为 90, algo_4 为使用更快算法的Lomonosov方法"
0.41612863540649414,0.40758514404296875,0.47421765327453613,0.3497157096862793,600,18,"num subsets 为 90, algo_4 为使用更快算法的Lomonosov方法"
0.22613120079040527,0.5955245494842529,0.3331589698791504,0.2900395393371582,600,18,"num subsets 为 90, algo_4 为使用更快算法的Lomonosov方法"
0.39485836029052734,0.2250068187713623,0.43123936653137207,0.3514711856842041,600,18,"num subsets 为 90, algo_4 为使用更快算法的Lomonosov方法"
0.4506697654724121,3.067931652069092,0.4920508861541748,0.3966710567474365,600,18,"num subsets 为 90, algo_4 为使用更快算法的Lomonosov方法"
0.22664356231689453,0.43660855293273926,0.36248016357421875,0.279557466506958,600,18,"num subsets 为 90, algo_4 为使用更快算法的Lomonosov方法"
0.45424818992614746,0.4400918483734131,0.4783647060394287,0.3440570831298828,600,18,"num subsets 为 90, algo_4 为使用更快算法的Lomonosov方法"
0.420393705368042,0.37462925910949707,0.39807963371276855,0.3626573085784912,600,18,"num subsets 为 90, algo_4 为使用更快算法的Lomonosov方法"
0.6072471141815186,0.7179744243621826,0.4996178150177002,0.5179626941680908,600,18,"num subsets 为 90, algo_4 为使用更快算法的Lomonosov方法"
0.4284353256225586,0.45908594131469727,0.4780852794647217,0.4060242176055908,600,18,"num subsets 为 90, algo_4 为使用更快算法的Lomonosov方法"
0.3983302116394043,0.23786616325378418,0.43358850479125977,0.33055806159973145,600,18,"num subsets 为 90, algo_4 为使用更快算法的Lomonosov方法"
0.4245293140411377,0.5867862701416016,0.42949891090393066,0.34810829162597656,600,18,"num subsets 为 90, algo_4 为使用更快算法的Lomonosov方法"
0.40453600883483887,0.8136882781982422,0.4075808525085449,0.3390991687774658,600,18,"num subsets 为 90, algo_4 为使用更快算法的Lomonosov方法"
0.5749592781066895,0.3364870548248291,0.5800590515136719,0.5087776184082031,600,18,"num subsets 为 90, algo_4 为使用更快算法的Lomonosov方法"
0.23559045791625977,0.8189525604248047,0.3336453437805176,0.3481576442718506,600,18,"num subsets 为 90, algo_4 为使用更快算法的Lomonosov方法"
0.2045292854309082,0.789731502532959,0.3171975612640381,0.29599952697753906,600,18,"num subsets 为 90, algo_4 为使用更快算法的Lomonosov方法"
0.22551178932189941,0.4111020565032959,0.32400012016296387,0.27353906631469727,600,18,"num subsets 为 90, algo_4 为使用更快算法的Lomonosov方法"
0.2282116413116455,0.4430415630340576,0.3106567859649658,0.36249303817749023,600,18,"num subsets 为 90, algo_4 为使用更快算法的Lomonosov方法"
0.5752861499786377,0.7362077236175537,0.5571637153625488,0.4946119785308838,600,18,"num subsets 为 90, algo_4 为使用更快算法的Lomonosov方法"
0.6250205039978027,0.8056588172912598,0.5845532417297363,0.48378992080688477,600,18,"num subsets 为 90, algo_4 为使用更快算法的Lomonosov方法"
0.21400952339172363,0.5331571102142334,0.28455328941345215,0.30263280868530273,600,18,"num subsets 为 90, algo_4 为使用更快算法的Lomonosov方法"
0.4257338047027588,0.4081759452819824,0.5181891918182373,0.39044690132141113,600,18,"num subsets 为 90, algo_4 为使用更快算法的Lomonosov方法"
0.43520188331604004,0.9008722305297852,0.49820423126220703,0.430586576461792,600,18,"num subsets 为 90, algo_4 为使用更快算法的Lomonosov方法"
0.419783353805542,0.5260369777679443,0.5396988391876221,0.38999104499816895,600,18,"num subsets 为 90, algo_4 为使用更快算法的Lomonosov方法"
0.41563892364501953,0.852623462677002,0.513230562210083,0.41619324684143066,600,18,"num subsets 为 90, algo_4 为使用更快算法的Lomonosov方法"
0.43997621536254883,0.37623023986816406,0.51613450050354,0.39208221435546875,600,18,"num subsets 为 90, algo_4 为使用更快算法的Lomonosov方法"
0.4120810031890869,0.9449253082275391,0.4916098117828369,0.37322521209716797,600,18,"num subsets 为 90, algo_4 为使用更快算法的Lomonosov方法"
0.5813043117523193,0.3237340450286865,0.4636983871459961,0.48686766624450684,600,18,"num subsets 为 90, algo_4 为使用更快算法的Lomonosov方法"
0.6161084175109863,0.49356818199157715,0.5726501941680908,0.5082125663757324,600,18,"num subsets 为 90, algo_4 为使用更快算法的Lomonosov方法"
0.43996667861938477,0.5810348987579346,0.4135477542877197,0.3913724422454834,600,18,"num subsets 为 90, algo_4 为使用更快算法的Lomonosov方法"
0.60079026222229,0.48364830017089844,0.49967384338378906,0.5230860710144043,600,18,"num subsets 为 90, algo_4 为使用更快算法的Lomonosov方法"
0.42922019958496094,0.6690618991851807,0.44366455078125,0.366347074508667,600,18,"num subsets 为 90, algo_4 为使用更快算法的Lomonosov方法"
0.25627923011779785,0.41871023178100586,0.3803422451019287,0.345261812210083,600,18,"num subsets 为 90, algo_4 为使用更快算法的Lomonosov方法"
0.4325728416442871,0.546663761138916,0.3957703113555908,0.4475882053375244,600,18,"num subsets 为 90, algo_4 为使用更快算法的Lomonosov方法"
0.2185664176940918,0.5342464447021484,0.3111584186553955,0.329517126083374,600,18,"num subsets 为 90, algo_4 为使用更快算法的Lomonosov方法"
0.4365806579589844,0.5550906658172607,0.4240000247955322,0.4394066333770752,600,18,"num subsets 为 90, algo_4 为使用更快算法的Lomonosov方法"
0.45459747314453125,0.3573129177093506,0.47192978858947754,0.42200422286987305,600,18,"num subsets 为 90, algo_4 为使用更快算法的Lomonosov方法"
0.45626258850097656,0.8379197120666504,0.4824182987213135,0.4309351444244385,600,18,"num subsets 为 90, algo_4 为使用更快算法的Lomonosov方法"
0.5797257423400879,0.6524314880371094,0.5225138664245605,0.5032773017883301,600,18,"num subsets 为 90, algo_4 为使用更快算法的Lomonosov方法"
0.41492581367492676,0.7715640068054199,0.5036594867706299,0.39060401916503906,600,18,"num subsets 为 90, algo_4 为使用更快算法的Lomonosov方法"
0.4260869026184082,0.41353464126586914,0.4185829162597656,0.43302249908447266,600,18,"num subsets 为 90, algo_4 为使用更快算法的Lomonosov方法"
0.4597172737121582,0.7415785789489746,0.4636037349700928,0.47451281547546387,600,18,"num subsets 为 90, algo_4 为使用更快算法的Lomonosov方法"
0.4413161277770996,0.3630404472351074,0.5106279850006104,0.44320058822631836,600,18,"num subsets 为 90, algo_4 为使用更快算法的Lomonosov方法"
0.5756902694702148,0.3155848979949951,0.5696794986724854,0.5080845355987549,600,18,"num subsets 为 90, algo_4 为使用更快算法的Lomonosov方法"
0.42505908012390137,0.3311331272125244,0.472578763961792,0.43845224380493164,600,18,"num subsets 为 90, algo_4 为使用更快算法的Lomonosov方法"
0.4277822971343994,0.9653170108795166,0.5396168231964111,0.3747098445892334,600,18,"num subsets 为 90, algo_4 为使用更快算法的Lomonosov方法"
0.23406648635864258,0.48404526710510254,0.3287374973297119,0.3560006618499756,600,18,"num subsets 为 90, algo_4 为使用更快算法的Lomonosov方法"
0.4569365978240967,0.40258288383483887,0.40908241271972656,0.511713981628418,600,18,"num subsets 为 90, algo_4 为使用更快算法的Lomonosov方法"
0.21952080726623535,0.9745466709136963,0.3496224880218506,0.30910563468933105,600,18,"num subsets 为 90, algo_4 为使用更快算法的Lomonosov方法"
0.4372107982635498,0.4671647548675537,0.4653654098510742,0.4990079402923584,600,18,"num subsets 为 90, algo_4 为使用更快算法的Lomonosov方法"
0.4410245418548584,0.5657238960266113,0.5255634784698486,0.41344571113586426,600,18,"num subsets 为 90, algo_4 为使用更快算法的Lomonosov方法"
0.5950255393981934,0.36671900749206543,0.5852527618408203,0.5228722095489502,600,18,"num subsets 为 90, algo_4 为使用更快算法的Lomonosov方法"
0.23600125312805176,0.9394354820251465,0.36829519271850586,0.36215829849243164,600,18,"num subsets 为 90, algo_4 为使用更快算法的Lomonosov方法"
0.6419210433959961,1.1104772090911865,0.6748719215393066,0.5016396045684814,600,18,"num subsets 为 90, algo_4 为使用更快算法的Lomonosov方法"
0.48819923400878906,0.8270187377929688,0.47943854331970215,0.44338512420654297,600,18,"num subsets 为 90, algo_4 为使用更快算法的Lomonosov方法"
0.4438636302947998,0.3200819492340088,0.5233311653137207,0.3820834159851074,600,18,"num subsets 为 90, algo_4 为使用更快算法的Lomonosov方法"
0.42989349365234375,0.624718189239502,0.4971888065338135,0.4160592555999756,600,18,"num subsets 为 90, algo_4 为使用更快算法的Lomonosov方法"
0.7315359115600586,0.3195629119873047,0.6033585071563721,0.5766401290893555,600,18,"num subsets 为 90, algo_4 为使用更快算法的Lomonosov方法"
0.43674325942993164,1.4360733032226562,0.6200435161590576,0.41464900970458984,600,18,"num subsets 为 90, algo_4 为使用更快算法的Lomonosov方法"
0.4341297149658203,0.5886397361755371,0.470822811126709,0.4217798709869385,600,18,"num subsets 为 90, algo_4 为使用更快算法的Lomonosov方法"
0.23668432235717773,0.8256542682647705,0.3731255531311035,0.3608229160308838,600,18,"num subsets 为 90, algo_4 为使用更快算法的Lomonosov方法"
0.47557735443115234,0.34107184410095215,0.4685475826263428,0.4546182155609131,600,18,"num subsets 为 90, algo_4 为使用更快算法的Lomonosov方法"
0.4721379280090332,0.5721347332000732,0.49164795875549316,0.4797196388244629,600,18,"num subsets 为 90, algo_4 为使用更快算法的Lomonosov方法"
0.39061546325683594,0.788567304611206,0.49953675270080566,0.4410386085510254,600,18,"num subsets 为 90, algo_4 为使用更快算法的Lomonosov方法"
0.2851436138153076,0.49168968200683594,0.4170107841491699,0.32056760787963867,600,18,"num subsets 为 90, algo_4 为使用更快算法的Lomonosov方法"
0.4601426124572754,1.0339241027832031,0.553739070892334,0.4271838665008545,600,18,"num subsets 为 90, algo_4 为使用更快算法的Lomonosov方法"
0.6822504997253418,0.8765268325805664,0.7506282329559326,0.5188848972320557,600,18,"num subsets 为 90, algo_4 为使用更快算法的Lomonosov方法"
0.4446535110473633,0.5895078182220459,0.6123161315917969,0.4636518955230713,600,18,"num subsets 为 90, algo_4 为使用更快算法的Lomonosov方法"
0.42708754539489746,0.685103178024292,0.5094571113586426,0.4443986415863037,600,18,"num subsets 为 90, algo_4 为使用更快算法的Lomonosov方法"
0.4601454734802246,0.5505259037017822,0.5230526924133301,0.5020606517791748,600,18,"num subsets 为 90, algo_4 为使用更快算法的Lomonosov方法"
0.44411754608154297,1.3169434070587158,0.6096673011779785,0.38901209831237793,600,18,"num subsets 为 90, algo_4 为使用更快算法的Lomonosov方法"
0.49380040168762207,0.32256078720092773,0.5842995643615723,0.43688106536865234,600,18,"num subsets 为 90, algo_4 为使用更快算法的Lomonosov方法"
0.45922422409057617,1.1223037242889404,0.4985227584838867,0.47318291664123535,600,18,"num subsets 为 90, algo_4 为使用更快算法的Lomonosov方法"
0.27108073234558105,0.5234193801879883,0.41481876373291016,0.3791313171386719,600,18,"num subsets 为 90, algo_4 为使用更快算法的Lomonosov方法"
0.48402857780456543,0.17800021171569824,0.45570898056030273,0.46166229248046875,600,18,"num subsets 为 90, algo_4 为使用更快算法的Lomonosov方法"
0.45823168754577637,0.3462367057800293,0.5186491012573242,0.43913817405700684,600,18,"num subsets 为 90, algo_4 为使用更快算法的Lomonosov方法"
0.47202563285827637,0.3886549472808838,0.47000885009765625,0.40023159980773926,600,18,"num subsets 为 90, algo_4 为使用更快算法的Lomonosov方法"
0.4686136245727539,0.47287559509277344,0.5395760536193848,0.5353298187255859,600,18,"num subsets 为 90, algo_4 为使用更快算法的Lomonosov方法"
0.45924973487854004,0.6090805530548096,0.6750314235687256,0.500258207321167,600,18,"num subsets 为 90, algo_4 为使用更快算法的Lomonosov方法"
0.46952366828918457,1.4630942344665527,0.49562644958496094,0.4794776439666748,600,18,"num subsets 为 90, algo_4 为使用更快算法的Lomonosov方法"
0.6515295505523682,0.4187188148498535,0.7185554504394531,0.5376908779144287,600,18,"num subsets 为 90, algo_4 为使用更快算法的Lomonosov方法"
0.47624945640563965,0.36657261848449707,0.5072531700134277,0.4907715320587158,600,18,"num subsets 为 90, algo_4 为使用更快算法的Lomonosov方法"
0.4970097541809082,0.4776146411895752,0.5741190910339355,0.509631872177124,600,18,"num subsets 为 90, algo_4 为使用更快算法的Lomonosov方法"
0.23102617263793945,0.3828742504119873,0.37851452827453613,0.38751935958862305,600,18,"num subsets 为 90, algo_4 为使用更快算法的Lomonosov方法"
0.4821288585662842,0.3256070613861084,0.5037589073181152,0.4916512966156006,600,18,"num subsets 为 90, algo_4 为使用更快算法的Lomonosov方法"
0.2719991207122803,0.3060319423675537,0.407548189163208,0.4025146961212158,600,18,"num subsets 为 90, algo_4 为使用更快算法的Lomonosov方法"
0.631101131439209,0.31609225273132324,0.6528184413909912,0.5761444568634033,600,18,"num subsets 为 90, algo_4 为使用更快算法的Lomonosov方法"
0.23201417922973633,0.3616306781768799,0.4331510066986084,0.37609410285949707,600,18,"num subsets 为 90, algo_4 为使用更快算法的Lomonosov方法"
0.29459309577941895,0.41300034523010254,0.4181044101715088,0.45259857177734375,600,18,"num subsets 为 90, algo_4 为使用更快算法的Lomonosov方法"
0.4746222496032715,0.7106330394744873,0.6044211387634277,0.5145604610443115,600,18,"num subsets 为 90, algo_4 为使用更快算法的Lomonosov方法"
0.47220563888549805,0.5045335292816162,0.526268482208252,0.48805713653564453,600,18,"num subsets 为 90, algo_4 为使用更快算法的Lomonosov方法"
0.2736327648162842,0.5216524600982666,0.4321787357330322,0.4099442958831787,600,18,"num subsets 为 90, algo_4 为使用更快算法的Lomonosov方法"
0.48046135902404785,0.5138554573059082,0.5228686332702637,0.5048191547393799,600,18,"num subsets 为 90, algo_4 为使用更快算法的Lomonosov方法"
0.48029112815856934,0.8816361427307129,0.49332165718078613,0.49703073501586914,600,18,"num subsets 为 90, algo_4 为使用更快算法的Lomonosov方法"
0.3017609119415283,1.9457435607910156,0.5030713081359863,0.44290828704833984,600,18,"num subsets 为 90, algo_4 为使用更快算法的Lomonosov方法"
0.6758737564086914,0.4550638198852539,0.6345586776733398,0.5942726135253906,600,18,"num subsets 为 90, algo_4 为使用更快算法的Lomonosov方法"
0.48699355125427246,0.45049619674682617,0.5009126663208008,0.4761378765106201,600,18,"num subsets 为 90, algo_4 为使用更快算法的Lomonosov方法"
0.46685171127319336,1.1089041233062744,0.5960698127746582,0.4919581413269043,600,18,"num subsets 为 90, algo_4 为使用更快算法的Lomonosov方法"
0.31782984733581543,0.5713562965393066,0.46013975143432617,0.43090343475341797,600,18,"num subsets 为 90, algo_4 为使用更快算法的Lomonosov方法"
0.24790620803833008,0.45416975021362305,0.4384021759033203,0.4176290035247803,600,18,"num subsets 为 90, algo_4 为使用更快算法的Lomonosov方法"
0.27320265769958496,0.756638765335083,0.4518003463745117,0.4492478370666504,600,18,"num subsets 为 90, algo_4 为使用更快算法的Lomonosov方法"
0.5095727443695068,0.450026273727417,0.5244019031524658,0.5149459838867188,600,18,"num subsets 为 90, algo_4 为使用更快算法的Lomonosov方法"
0.4972231388092041,0.4041471481323242,0.5052073001861572,0.5752007961273193,600,18,"num subsets 为 90, algo_4 为使用更快算法的Lomonosov方法"
0.4831047058105469,0.7266111373901367,0.5485610961914062,0.47437262535095215,600,18,"num subsets 为 90, algo_4 为使用更快算法的Lomonosov方法"
0.48102736473083496,0.5815672874450684,0.5721213817596436,0.5052242279052734,600,18,"num subsets 为 90, algo_4 为使用更快算法的Lomonosov方法"
0.2590000629425049,0.5188114643096924,0.4696063995361328,0.44026994705200195,600,18,"num subsets 为 90, algo_4 为使用更快算法的Lomonosov方法"
0.26912760734558105,0.48267126083374023,0.425020694732666,0.4651007652282715,600,18,"num subsets 为 90, algo_4 为使用更快算法的Lomonosov方法"
0.4305131435394287,1.044039249420166,0.4666938781738281,0.469620943069458,600,18,"num subsets 为 90, algo_4 为使用更快算法的Lomonosov方法"
0.48308515548706055,0.27315354347229004,0.526902437210083,0.5280807018280029,600,18,"num subsets 为 90, algo_4 为使用更快算法的Lomonosov方法"
0.2540152072906494,0.6352267265319824,0.5162441730499268,0.4965050220489502,600,18,"num subsets 为 90, algo_4 为使用更快算法的Lomonosov方法"
0.49401307106018066,0.48836469650268555,0.6019182205200195,0.5751686096191406,600,18,"num subsets 为 90, algo_4 为使用更快算法的Lomonosov方法"
0.2686035633087158,0.27204418182373047,0.43865060806274414,0.42659759521484375,600,18,"num subsets 为 90, algo_4 为使用更快算法的Lomonosov方法"
0.5066161155700684,0.6151247024536133,0.6122982501983643,0.5050036907196045,600,18,"num subsets 为 90, algo_4 为使用更快算法的Lomonosov方法"
0.2715303897857666,0.35826849937438965,0.5085270404815674,0.5071032047271729,600,18,"num subsets 为 90, algo_4 为使用更快算法的Lomonosov方法"
0.5116167068481445,0.34200024604797363,0.5401046276092529,0.5150432586669922,600,18,"num subsets 为 90, algo_4 为使用更快算法的Lomonosov方法"
0.42411208152770996,1.672072172164917,0.5248277187347412,0.4716968536376953,600,18,"num subsets 为 90, algo_4 为使用更快算法的Lomonosov方法"
0.4716672897338867,0.511683464050293,0.6026363372802734,0.5490515232086182,600,18,"num subsets 为 90, algo_4 为使用更快算法的Lomonosov方法"
0.6865479946136475,0.3986172676086426,0.6756205558776855,0.5916056632995605,600,18,"num subsets 为 90, algo_4 为使用更快算法的Lomonosov方法"
0.5260899066925049,0.4908745288848877,0.5955846309661865,0.5560579299926758,600,18,"num subsets 为 90, algo_4 为使用更快算法的Lomonosov方法"
0.4955484867095947,0.29561829566955566,0.5486435890197754,0.5488941669464111,600,18,"num subsets 为 90, algo_4 为使用更快算法的Lomonosov方法"
0.4929616451263428,0.36521100997924805,0.5860955715179443,0.6049747467041016,600,18,"num subsets 为 90, algo_4 为使用更快算法的Lomonosov方法"
0.24261760711669922,0.5338873863220215,0.5041115283966064,0.46309924125671387,600,18,"num subsets 为 90, algo_4 为使用更快算法的Lomonosov方法"
0.5118744373321533,0.34622716903686523,0.5986413955688477,0.5232985019683838,600,18,"num subsets 为 90, algo_4 为使用更快算法的Lomonosov方法"
0.516319751739502,0.712949275970459,0.7306625843048096,0.5758659839630127,600,18,"num subsets 为 90, algo_4 为使用更快算法的Lomonosov方法"
0.48105525970458984,0.4704134464263916,0.6127917766571045,0.5655727386474609,600,18,"num subsets 为 90, algo_4 为使用更快算法的Lomonosov方法"
0.7286300659179688,0.5787055492401123,0.6655972003936768,0.7132236957550049,600,18,"num subsets 为 90, algo_4 为使用更快算法的Lomonosov方法"
0.26954102516174316,0.38653016090393066,0.49826908111572266,0.4832279682159424,600,18,"num subsets 为 90, algo_4 为使用更快算法的Lomonosov方法"
0.445526123046875,3.023777723312378,0.6291344165802002,0.5413486957550049,600,18,"num subsets 为 90, algo_4 为使用更快算法的Lomonosov方法"
0.6702978610992432,0.39752626419067383,0.7241783142089844,0.669426679611206,600,18,"num subsets 为 90, algo_4 为使用更快算法的Lomonosov方法"
0.49506545066833496,0.741058349609375,0.5839273929595947,0.5626444816589355,600,18,"num subsets 为 90, algo_4 为使用更快算法的Lomonosov方法"
0.5254783630371094,0.5775446891784668,0.6387507915496826,0.5735657215118408,600,18,"num subsets 为 90, algo_4 为使用更快算法的Lomonosov方法"
0.5081081390380859,0.35404348373413086,0.5608999729156494,0.5776903629302979,600,18,"num subsets 为 90, algo_4 为使用更快算法的Lomonosov方法"
0.5315384864807129,0.6989192962646484,0.5666818618774414,0.5712018013000488,600,18,"num subsets 为 90, algo_4 为使用更快算法的Lomonosov方法"
0.5002522468566895,0.5239293575286865,0.6852972507476807,0.629666805267334,600,18,"num subsets 为 90, algo_4 为使用更快算法的Lomonosov方法"
0.5218784809112549,0.27697038650512695,0.6015582084655762,0.5795097351074219,600,18,"num subsets 为 90, algo_4 为使用更快算法的Lomonosov方法"
0.5149421691894531,0.5907700061798096,0.6738388538360596,0.5369091033935547,600,18,"num subsets 为 90, algo_4 为使用更快算法的Lomonosov方法"
0.5325455665588379,0.4249098300933838,0.5797836780548096,0.6305029392242432,600,18,"num subsets 为 90, algo_4 为使用更快算法的Lomonosov方法"
0.5335018634796143,1.045863151550293,0.6558642387390137,0.5911483764648438,600,18,"num subsets 为 90, algo_4 为使用更快算法的Lomonosov方法"
0.5576310157775879,0.47856950759887695,0.5765910148620605,0.5718593597412109,600,18,"num subsets 为 90, algo_4 为使用更快算法的Lomonosov方法"
0.5175282955169678,0.73826003074646,0.6440753936767578,0.5711872577667236,600,18,"num subsets 为 90, algo_4 为使用更快算法的Lomonosov方法"
0.5156526565551758,0.4566504955291748,0.573692798614502,0.588618278503418,600,18,"num subsets 为 90, algo_4 为使用更快算法的Lomonosov方法"
0.5222609043121338,0.38457322120666504,0.640326976776123,0.6016731262207031,600,18,"num subsets 为 90, algo_4 为使用更快算法的Lomonosov方法"
0.2880890369415283,0.5420112609863281,0.4775888919830322,0.514270544052124,600,18,"num subsets 为 90, algo_4 为使用更快算法的Lomonosov方法"
0.5133438110351562,1.371206521987915,0.6764907836914062,0.6073093414306641,600,18,"num subsets 为 90, algo_4 为使用更快算法的Lomonosov方法"
0.31804871559143066,0.26013970375061035,0.4827408790588379,0.4410378932952881,600,18,"num subsets 为 90, algo_4 为使用更快算法的Lomonosov方法"
0.5206437110900879,0.706171989440918,0.5991008281707764,0.5695080757141113,600,18,"num subsets 为 90, algo_4 为使用更快算法的Lomonosov方法"
0.5223023891448975,0.7398116588592529,0.6846611499786377,0.6555724143981934,600,18,"num subsets 为 90, algo_4 为使用更快算法的Lomonosov方法"
0.3336212635040283,0.3830244541168213,0.5260882377624512,0.5110616683959961,600,18,"num subsets 为 90, algo_4 为使用更快算法的Lomonosov方法"
0.5230772495269775,1.0091876983642578,0.712334156036377,0.5314350128173828,600,18,"num subsets 为 90, algo_4 为使用更快算法的Lomonosov方法"
0.2755115032196045,0.375507116317749,0.5230472087860107,0.5363078117370605,600,18,"num subsets 为 90, algo_4 为使用更快算法的Lomonosov方法"
0.5428352355957031,0.5156478881835938,0.7065901756286621,0.7050676345825195,600,18,"num subsets 为 90, algo_4 为使用更快算法的Lomonosov方法"
0.5311322212219238,0.3164186477661133,0.5899655818939209,0.6476576328277588,600,18,"num subsets 为 90, algo_4 为使用更快算法的Lomonosov方法"
0.5256271362304688,0.6866352558135986,0.6406416893005371,0.6649932861328125,600,18,"num subsets 为 90, algo_4 为使用更快算法的Lomonosov方法"
0.5145659446716309,0.9711704254150391,0.6831023693084717,0.5805816650390625,600,18,"num subsets 为 90, algo_4 为使用更快算法的Lomonosov方法"
0.495819091796875,0.5896828174591064,0.7351584434509277,0.554046630859375,600,18,"num subsets 为 90, algo_4 为使用更快算法的Lomonosov方法"
0.509131908416748,0.545539379119873,0.7081077098846436,0.5746855735778809,600,18,"num subsets 为 90, algo_4 为使用更快算法的Lomonosov方法"
0.5357201099395752,0.7075479030609131,0.6035854816436768,0.6035096645355225,600,18,"num subsets 为 90, algo_4 为使用更快算法的Lomonosov方法"
0.26555395126342773,1.8947880268096924,0.568622350692749,0.48285818099975586,600,18,"num subsets 为 90, algo_4 为使用更快算法的Lomonosov方法"
0.5340402126312256,0.5321044921875,0.7490136623382568,0.6488170623779297,600,18,"num subsets 为 90, algo_4 为使用更快算法的Lomonosov方法"
0.7460639476776123,0.6825964450836182,0.7535581588745117,0.6555080413818359,600,18,"num subsets 为 90, algo_4 为使用更快算法的Lomonosov方法"
0.32057762145996094,0.2567281723022461,0.5693790912628174,0.5250475406646729,600,18,"num subsets 为 90, algo_4 为使用更快算法的Lomonosov方法"
0.5581378936767578,0.5167224407196045,0.6712651252746582,0.6786882877349854,600,18,"num subsets 为 90, algo_4 为使用更快算法的Lomonosov方法"
0.5227608680725098,0.7805712223052979,0.6979751586914062,0.609027624130249,600,18,"num subsets 为 90, algo_4 为使用更快算法的Lomonosov方法"
0.521965503692627,0.4281346797943115,0.6767501831054688,0.5515742301940918,600,18,"num subsets 为 90, algo_4 为使用更快算法的Lomonosov方法"
0.5615506172180176,0.35720276832580566,0.6709647178649902,0.6778311729431152,600,18,"num subsets 为 90, algo_4 为使用更快算法的Lomonosov方法"
0.7438938617706299,0.924283504486084,0.7827696800231934,0.7594499588012695,600,18,"num subsets 为 90, algo_4 为使用更快算法的Lomonosov方法"
0.7686355113983154,1.181581735610962,1.0534582138061523,0.7772939205169678,600,18,"num subsets 为 90, algo_4 为使用更快算法的Lomonosov方法"
0.5951509475708008,0.81658935546875,0.7594091892242432,0.6302890777587891,600,18,"num subsets 为 90, algo_4 为使用更快算法的Lomonosov方法"
0.29194092750549316,1.183781385421753,0.6677167415618896,0.5407865047454834,600,18,"num subsets 为 90, algo_4 为使用更快算法的Lomonosov方法"
0.5766713619232178,0.6385641098022461,0.7016019821166992,0.6553447246551514,600,18,"num subsets 为 90, algo_4 为使用更快算法的Lomonosov方法"
0.523017406463623,0.7673096656799316,0.7029397487640381,0.6697902679443359,600,18,"num subsets 为 90, algo_4 为使用更快算法的Lomonosov方法"
0.3174762725830078,1.4365720748901367,0.6831319332122803,0.5963938236236572,600,18,"num subsets 为 90, algo_4 为使用更快算法的Lomonosov方法"
0.3015317916870117,0.525864839553833,0.5388545989990234,0.5694963932037354,600,18,"num subsets 为 90, algo_4 为使用更快算法的Lomonosov方法"
0.7561442852020264,0.3666675090789795,0.8918716907501221,0.7526507377624512,600,18,"num subsets 为 90, algo_4 为使用更快算法的Lomonosov方法"
0.34356021881103516,0.8135237693786621,0.5751924514770508,0.5195403099060059,600,18,"num subsets 为 90, algo_4 为使用更快算法的Lomonosov方法"
0.5320606231689453,0.5404884815216064,0.7071547508239746,0.6552667617797852,600,18,"num subsets 为 90, algo_4 为使用更快算法的Lomonosov方法"
0.7741045951843262,1.2044503688812256,1.0270602703094482,0.8207602500915527,600,18,"num subsets 为 90, algo_4 为使用更快算法的Lomonosov方法"
0.5405137538909912,1.2449803352355957,0.8230597972869873,0.6825275421142578,600,18,"num subsets 为 90, algo_4 为使用更快算法的Lomonosov方法"
0.5492746829986572,0.3575632572174072,0.7743971347808838,0.6402997970581055,600,18,"num subsets 为 90, algo_4 为使用更快算法的Lomonosov方法"
0.530613899230957,0.8746681213378906,0.6869103908538818,0.6404135227203369,600,18,"num subsets 为 90, algo_4 为使用更快算法的Lomonosov方法"
0.5336451530456543,1.0301389694213867,0.8163695335388184,0.6103644371032715,600,18,"num subsets 为 90, algo_4 为使用更快算法的Lomonosov方法"
0.5315499305725098,2.797569751739502,0.7289512157440186,0.6451551914215088,600,18,"num subsets 为 90, algo_4 为使用更快算法的Lomonosov方法"
0.5220894813537598,0.5765869617462158,0.688657283782959,0.6809310913085938,600,18,"num subsets 为 90, algo_4 为使用更快算法的Lomonosov方法"
0.9865140914916992,0.8447637557983398,1.033163070678711,0.9624495506286621,600,18,"num subsets 为 90, algo_4 为使用更快算法的Lomonosov方法"
0.2919013500213623,1.0223751068115234,0.5695440769195557,0.5638501644134521,600,18,"num subsets 为 90, algo_4 为使用更快算法的Lomonosov方法"
0.311199426651001,0.5851984024047852,0.6829123497009277,0.653541088104248,600,18,"num subsets 为 90, algo_4 为使用更快算法的Lomonosov方法"
0.5412390232086182,0.38700318336486816,0.7769579887390137,0.6989896297454834,600,18,"num subsets 为 90, algo_4 为使用更快算法的Lomonosov方法"
0.5810346603393555,1.5488853454589844,0.8179931640625,0.7440118789672852,600,18,"num subsets 为 90, algo_4 为使用更快算法的Lomonosov方法"
0.576960563659668,0.715831995010376,0.8044114112854004,0.7307398319244385,600,18,"num subsets 为 90, algo_4 为使用更快算法的Lomonosov方法"
0.5256209373474121,0.46619725227355957,0.7439689636230469,0.671466588973999,600,18,"num subsets 为 90, algo_4 为使用更快算法的Lomonosov方法"
0.5315945148468018,0.504530668258667,0.7755753993988037,0.6867599487304688,600,18,"num subsets 为 90, algo_4 为使用更快算法的Lomonosov方法"
0.547539472579956,0.47263193130493164,0.7359864711761475,0.7285254001617432,600,18,"num subsets 为 90, algo_4 为使用更快算法的Lomonosov方法"
0.7551255226135254,0.47261786460876465,0.813683271408081,0.8456847667694092,600,18,"num subsets 为 90, algo_4 为使用更快算法的Lomonosov方法"
0.533700704574585,0.35779237747192383,0.6958942413330078,0.6116189956665039,600,18,"num subsets 为 90, algo_4 为使用更快算法的Lomonosov方法"
0.5401668548583984,0.4851672649383545,0.8787314891815186,0.6645786762237549,600,18,"num subsets 为 90, algo_4 为使用更快算法的Lomonosov方法"
0.7551472187042236,0.3510313034057617,0.9033529758453369,0.7306644916534424,600,18,"num subsets 为 90, algo_4 为使用更快算法的Lomonosov方法"
0.30551671981811523,0.5702893733978271,0.6490652561187744,0.6277902126312256,600,18,"num subsets 为 90, algo_4 为使用更快算法的Lomonosov方法"
0.5631370544433594,0.7267918586730957,0.8130342960357666,0.7411720752716064,600,18,"num subsets 为 90, algo_4 为使用更快算法的Lomonosov方法"
0.5721433162689209,0.3849785327911377,0.7673914432525635,0.7247781753540039,600,18,"num subsets 为 90, algo_4 为使用更快算法的Lomonosov方法"
0.7772331237792969,0.9750518798828125,0.927614688873291,0.7166717052459717,600,18,"num subsets 为 90, algo_4 为使用更快算法的Lomonosov方法"
0.8091027736663818,0.38860583305358887,0.8604846000671387,0.7158005237579346,600,18,"num subsets 为 90, algo_4 为使用更快算法的Lomonosov方法"
0.4776003360748291,0.8649342060089111,0.7091500759124756,0.634352445602417,600,18,"num subsets 为 90, algo_4 为使用更快算法的Lomonosov方法"
0.321948766708374,0.6231627464294434,0.6021883487701416,0.557544469833374,600,18,"num subsets 为 90, algo_4 为使用更快算法的Lomonosov方法"
0.5331060886383057,0.5500876903533936,0.7257795333862305,0.6921088695526123,600,18,"num subsets 为 90, algo_4 为使用更快算法的Lomonosov方法"
0.4564056396484375,1.2066121101379395,0.8146927356719971,0.6763598918914795,600,18,"num subsets 为 90, algo_4 为使用更快算法的Lomonosov方法"
0.6481890678405762,1.3057425022125244,0.8353629112243652,0.8010799884796143,600,18,"num subsets 为 90, algo_4 为使用更快算法的Lomonosov方法"
0.6088647842407227,0.5388486385345459,0.8450133800506592,0.7671651840209961,600,18,"num subsets 为 90, algo_4 为使用更快算法的Lomonosov方法"
0.30704307556152344,0.6760578155517578,0.6425068378448486,0.6265175342559814,600,18,"num subsets 为 90, algo_4 为使用更快算法的Lomonosov方法"
0.7693474292755127,0.36920785903930664,0.8511841297149658,0.825303316116333,600,18,"num subsets 为 90, algo_4 为使用更快算法的Lomonosov方法"
0.5770308971405029,0.9172170162200928,0.8145577907562256,0.7925503253936768,600,18,"num subsets 为 90, algo_4 为使用更快算法的Lomonosov方法"
0.6315937042236328,1.5952093601226807,0.9159531593322754,0.8436365127563477,600,18,"num subsets 为 90, algo_4 为使用更快算法的Lomonosov方法"
0.5270392894744873,0.4485287666320801,0.6797702312469482,0.6336548328399658,600,18,"num subsets 为 90, algo_4 为使用更快算法的Lomonosov方法"
0.5603289604187012,0.4020712375640869,0.708085298538208,0.7101454734802246,600,18,"num subsets 为 90, algo_4 为使用更快算法的Lomonosov方法"
0.5507156848907471,0.6891205310821533,0.8536067008972168,0.7806832790374756,600,18,"num subsets 为 90, algo_4 为使用更快算法的Lomonosov方法"
0.5694148540496826,1.1074800491333008,0.8904857635498047,0.8132174015045166,600,18,"num subsets 为 90, algo_4 为使用更快算法的Lomonosov方法"
0.654407262802124,0.7933225631713867,0.7904064655303955,0.7124323844909668,600,18,"num subsets 为 90, algo_4 为使用更快算法的Lomonosov方法"
0.5436205863952637,0.5159235000610352,0.8348381519317627,0.736217737197876,600,18,"num subsets 为 90, algo_4 为使用更快算法的Lomonosov方法"
0.5498509407043457,0.4763956069946289,0.6817445755004883,0.7391760349273682,600,18,"num subsets 为 90, algo_4 为使用更快算法的Lomonosov方法"
0.5493500232696533,0.6370809078216553,0.7518415451049805,0.7659902572631836,600,18,"num subsets 为 90, algo_4 为使用更快算法的Lomonosov方法"
0.5752108097076416,0.7740359306335449,0.8822412490844727,0.7345929145812988,600,18,"num subsets 为 90, algo_4 为使用更快算法的Lomonosov方法"
0.5936069488525391,0.550156831741333,0.9000978469848633,0.815100908279419,600,18,"num subsets 为 90, algo_4 为使用更快算法的Lomonosov方法"
0.5583770275115967,0.45800089836120605,0.7579448223114014,0.7473738193511963,600,18,"num subsets 为 90, algo_4 为使用更快算法的Lomonosov方法"
0.7964041233062744,0.48708105087280273,0.9421534538269043,0.8373706340789795,600,18,"num subsets 为 90, algo_4 为使用更快算法的Lomonosov方法"
0.6015317440032959,0.5605096817016602,0.8610532283782959,0.8544502258300781,600,18,"num subsets 为 90, algo_4 为使用更快算法的Lomonosov方法"
0.5421237945556641,0.3718276023864746,0.7053642272949219,0.6866500377655029,600,18,"num subsets 为 90, algo_4 为使用更快算法的Lomonosov方法"
0.5831084251403809,1.0005106925964355,0.8094863891601562,0.6810309886932373,600,18,"num subsets 为 90, algo_4 为使用更快算法的Lomonosov方法"
0.3150367736816406,0.9215543270111084,0.7042450904846191,0.6767549514770508,600,18,"num subsets 为 90, algo_4 为使用更快算法的Lomonosov方法"
0.612440824508667,0.4920675754547119,0.732750654220581,0.6685543060302734,600,18,"num subsets 为 90, algo_4 为使用更快算法的Lomonosov方法"
0.8157577514648438,0.2695953845977783,0.9034287929534912,0.9146740436553955,600,18,"num subsets 为 90, algo_4 为使用更快算法的Lomonosov方法"
0.6101434230804443,0.49094510078430176,0.7890067100524902,0.7519257068634033,600,18,"num subsets 为 90, algo_4 为使用更快算法的Lomonosov方法"
0.5687377452850342,1.2135071754455566,0.8247840404510498,0.7887778282165527,600,18,"num subsets 为 90, algo_4 为使用更快算法的Lomonosov方法"
0.3587191104888916,0.33014678955078125,0.6274690628051758,0.7083446979522705,600,18,"num subsets 为 90, algo_4 为使用更快算法的Lomonosov方法"
0.5740764141082764,0.8020205497741699,0.8096396923065186,0.7218978404998779,600,18,"num subsets 为 90, algo_4 为使用更快算法的Lomonosov方法"
0.5580892562866211,0.5540177822113037,0.7844493389129639,0.7332940101623535,600,18,"num subsets 为 90, algo_4 为使用更快算法的Lomonosov方法"
0.7658252716064453,0.4633207321166992,0.8880360126495361,0.8617732524871826,600,18,"num subsets 为 90, algo_4 为使用更快算法的Lomonosov方法"
0.8690581321716309,0.46457886695861816,0.8938932418823242,0.8342838287353516,600,18,"num subsets 为 90, algo_4 为使用更快算法的Lomonosov方法"
0.5440802574157715,0.8307943344116211,0.787743091583252,0.731870174407959,600,18,"num subsets 为 90, algo_4 为使用更快算法的Lomonosov方法"
0.5754013061523438,0.5678308010101318,0.8613417148590088,0.767158031463623,600,18,"num subsets 为 90, algo_4 为使用更快算法的Lomonosov方法"
0.5775406360626221,0.3472297191619873,0.7827708721160889,0.8010778427124023,600,18,"num subsets 为 90, algo_4 为使用更快算法的Lomonosov方法"
0.29789042472839355,0.18105101585388184,0.6620340347290039,0.6329786777496338,600,18,"num subsets 为 90, algo_4 为使用更快算法的Lomonosov方法"
0.5837695598602295,0.6813652515411377,0.9375808238983154,0.8607828617095947,600,18,"num subsets 为 90, algo_4 为使用更快算法的Lomonosov方法"
0.5596117973327637,0.933767557144165,0.8190467357635498,0.7149889469146729,600,18,"num subsets 为 90, algo_4 为使用更快算法的Lomonosov方法"
0.3320338726043701,0.5519828796386719,0.8002109527587891,0.7070472240447998,600,18,"num subsets 为 90, algo_4 为使用更快算法的Lomonosov方法"
0.5915496349334717,1.9931726455688477,0.9725673198699951,0.8065395355224609,600,18,"num subsets 为 90, algo_4 为使用更快算法的Lomonosov方法"
0.6036162376403809,0.3415040969848633,0.7751116752624512,0.814117431640625,600,18,"num subsets 为 90, algo_4 为使用更快算法的Lomonosov方法"
0.5721993446350098,0.41129565238952637,0.9334170818328857,0.8726632595062256,600,18,"num subsets 为 90, algo_4 为使用更快算法的Lomonosov方法"
0.5985476970672607,0.556638240814209,0.7954573631286621,0.7946405410766602,600,18,"num subsets 为 90, algo_4 为使用更快算法的Lomonosov方法"
0.2810995578765869,1.085968017578125,0.6930427551269531,0.6645894050598145,600,18,"num subsets 为 90, algo_4 为使用更快算法的Lomonosov方法"
0.648961067199707,0.506472110748291,0.8370988368988037,0.8025116920471191,600,18,"num subsets 为 90, algo_4 为使用更快算法的Lomonosov方法"
0.5895371437072754,0.851769208908081,0.9525589942932129,0.832219123840332,600,18,"num subsets 为 90, algo_4 为使用更快算法的Lomonosov方法"
0.5802431106567383,0.7686493396759033,0.9101252555847168,0.8434944152832031,600,18,"num subsets 为 90, algo_4 为使用更快算法的Lomonosov方法"
0.8433997631072998,0.7636449337005615,0.938328742980957,0.923384428024292,600,18,"num subsets 为 90, algo_4 为使用更快算法的Lomonosov方法"
0.617713451385498,0.7341744899749756,0.9015614986419678,0.8369917869567871,600,18,"num subsets 为 90, algo_4 为使用更快算法的Lomonosov方法"
0.8786330223083496,0.9813165664672852,0.9820008277893066,0.9042141437530518,600,18,"num subsets 为 90, algo_4 为使用更快算法的Lomonosov方法"
0.6620638370513916,0.4481639862060547,0.963007926940918,0.838184118270874,600,18,"num subsets 为 90, algo_4 为使用更快算法的Lomonosov方法"
0.7992236614227295,0.40860629081726074,0.9230749607086182,0.9026970863342285,600,18,"num subsets 为 90, algo_4 为使用更快算法的Lomonosov方法"
0.8444616794586182,0.473283052444458,1.0689237117767334,0.9505865573883057,600,18,"num subsets 为 90, algo_4 为使用更快算法的Lomonosov方法"
0.6042664051055908,0.6845288276672363,0.8536584377288818,0.7957723140716553,600,18,"num subsets 为 90, algo_4 为使用更快算法的Lomonosov方法"
0.5841631889343262,0.5265724658966064,0.9402894973754883,0.8499937057495117,600,18,"num subsets 为 90, algo_4 为使用更快算法的Lomonosov方法"
0.610011100769043,0.6577174663543701,0.8725447654724121,0.8461284637451172,600,18,"num subsets 为 90, algo_4 为使用更快算法的Lomonosov方法"
0.6206233501434326,0.5351724624633789,0.8365404605865479,0.8118789196014404,600,18,"num subsets 为 90, algo_4 为使用更快算法的Lomonosov方法"
0.8076903820037842,0.5642507076263428,0.9450860023498535,0.9273316860198975,600,18,"num subsets 为 90, algo_4 为使用更快算法的Lomonosov方法"
0.8233435153961182,0.5354866981506348,1.1046357154846191,0.8806734085083008,600,18,"num subsets 为 90, algo_4 为使用更快算法的Lomonosov方法"
0.6196599006652832,1.2049298286437988,0.8619048595428467,0.8373486995697021,600,18,"num subsets 为 90, algo_4 为使用更快算法的Lomonosov方法"
0.416384220123291,0.8078277111053467,0.8028275966644287,0.771897554397583,600,18,"num subsets 为 90, algo_4 为使用更快算法的Lomonosov方法"
0.35615110397338867,0.4912900924682617,0.8185575008392334,0.8172273635864258,600,18,"num subsets 为 90, algo_4 为使用更快算法的Lomonosov方法"
0.5996890068054199,0.6823382377624512,0.9824914932250977,0.7610864639282227,600,18,"num subsets 为 90, algo_4 为使用更快算法的Lomonosov方法"
0.6172580718994141,0.3766145706176758,0.8707375526428223,0.8174135684967041,600,18,"num subsets 为 90, algo_4 为使用更快算法的Lomonosov方法"
0.8521497249603271,0.7934830188751221,1.0925462245941162,1.0109214782714844,600,18,"num subsets 为 90, algo_4 为使用更快算法的Lomonosov方法"
0.5995419025421143,0.6570389270782471,0.8846728801727295,0.8528757095336914,600,18,"num subsets 为 90, algo_4 为使用更快算法的Lomonosov方法"
0.6041066646575928,0.9095962047576904,0.8576722145080566,0.8023970127105713,600,18,"num subsets 为 90, algo_4 为使用更快算法的Lomonosov方法"
0.6736965179443359,0.516228199005127,0.8866326808929443,0.8458592891693115,600,18,"num subsets 为 90, algo_4 为使用更快算法的Lomonosov方法"
0.8646242618560791,1.206068754196167,1.1876859664916992,1.067584753036499,600,18,"num subsets 为 90, algo_4 为使用更快算法的Lomonosov方法"
0.6250405311584473,0.8466489315032959,0.9442622661590576,0.8101115226745605,600,18,"num subsets 为 90, algo_4 为使用更快算法的Lomonosov方法"
0.6133766174316406,0.3739323616027832,0.9173212051391602,0.8839082717895508,600,18,"num subsets 为 90, algo_4 为使用更快算法的Lomonosov方法"
0.8565855026245117,0.46551060676574707,1.0853047370910645,0.9786005020141602,600,18,"num subsets 为 90, algo_4 为使用更快算法的Lomonosov方法"
0.6392085552215576,3.0393028259277344,1.1406803131103516,0.945612907409668,600,18,"num subsets 为 90, algo_4 为使用更快算法的Lomonosov方法"
0.5948002338409424,0.8980603218078613,0.8978598117828369,0.882549524307251,600,18,"num subsets 为 90, algo_4 为使用更快算法的Lomonosov方法"
0.6360304355621338,0.3680269718170166,0.9249062538146973,0.9677164554595947,600,18,"num subsets 为 90, algo_4 为使用更快算法的Lomonosov方法"
0.6100156307220459,0.2647249698638916,0.8934953212738037,0.8573057651519775,600,18,"num subsets 为 90, algo_4 为使用更快算法的Lomonosov方法"
0.5548171997070312,1.045236587524414,0.922957181930542,0.7684156894683838,600,18,"num subsets 为 90, algo_4 为使用更快算法的Lomonosov方法"
0.7214241027832031,0.6945042610168457,0.9520361423492432,0.8359484672546387,600,18,"num subsets 为 90, algo_4 为使用更快算法的Lomonosov方法"
0.3741011619567871,0.7529690265655518,0.9221177101135254,0.980884313583374,600,18,"num subsets 为 90, algo_4 为使用更快算法的Lomonosov方法"
0.6573755741119385,0.6189887523651123,1.0445561408996582,0.8826954364776611,600,18,"num subsets 为 90, algo_4 为使用更快算法的Lomonosov方法"
0.6441962718963623,0.6138856410980225,0.9765064716339111,0.8835594654083252,600,18,"num subsets 为 90, algo_4 为使用更快算法的Lomonosov方法"
0.6478254795074463,0.5027532577514648,0.9483904838562012,0.9301066398620605,600,18,"num subsets 为 90, algo_4 为使用更快算法的Lomonosov方法"
0.6396057605743408,1.3234326839447021,1.1496801376342773,0.9305362701416016,600,18,"num subsets 为 90, algo_4 为使用更快算法的Lomonosov方法"
0.6625072956085205,0.324019193649292,0.9051611423492432,0.8546497821807861,600,18,"num subsets 为 90, algo_4 为使用更快算法的Lomonosov方法"
0.35303521156311035,0.5521275997161865,0.7631525993347168,0.7357757091522217,600,18,"num subsets 为 90, algo_4 为使用更快算法的Lomonosov方法"
0.9360752105712891,1.017465591430664,1.2032771110534668,1.0337412357330322,600,18,"num subsets 为 90, algo_4 为使用更快算法的Lomonosov方法"
0.7080569267272949,0.5608017444610596,0.9681882858276367,0.9608938694000244,600,18,"num subsets 为 90, algo_4 为使用更快算法的Lomonosov方法"
0.6616168022155762,1.0822010040283203,1.0540881156921387,0.9791426658630371,600,18,"num subsets 为 90, algo_4 为使用更快算法的Lomonosov方法"
0.7304527759552002,0.3815183639526367,0.9506916999816895,0.8736944198608398,600,18,"num subsets 为 90, algo_4 为使用更快算法的Lomonosov方法"
0.32964086532592773,0.9505100250244141,0.8227734565734863,0.75925612449646,600,18,"num subsets 为 90, algo_4 为使用更快算法的Lomonosov方法"
0.7287325859069824,0.6321349143981934,0.9223136901855469,1.3684651851654053,600,18,"num subsets 为 90, algo_4 为使用更快算法的Lomonosov方法"
0.7092933654785156,1.7442054748535156,1.1153883934020996,1.2053241729736328,600,18,"num subsets 为 90, algo_4 为使用更快算法的Lomonosov方法"
0.6762855052947998,0.6919083595275879,1.0534207820892334,0.987048864364624,600,18,"num subsets 为 90, algo_4 为使用更快算法的Lomonosov方法"
0.6610593795776367,0.4984731674194336,0.9619467258453369,0.897181510925293,600,18,"num subsets 为 90, algo_4 为使用更快算法的Lomonosov方法"
0.9244797229766846,0.6427919864654541,1.1614305973052979,1.0870938301086426,600,18,"num subsets 为 90, algo_4 为使用更快算法的Lomonosov方法"
0.5941958427429199,0.8989958763122559,0.9617760181427002,0.8900566101074219,600,18,"num subsets 为 90, algo_4 为使用更快算法的Lomonosov方法"
0.668673038482666,0.6903939247131348,1.0238471031188965,0.9327855110168457,600,18,"num subsets 为 90, algo_4 为使用更快算法的Lomonosov方法"
0.6591951847076416,0.7765445709228516,1.0824248790740967,1.0709962844848633,600,18,"num subsets 为 90, algo_4 为使用更快算法的Lomonosov方法"
0.39810895919799805,0.46886706352233887,0.8526730537414551,0.8775641918182373,600,18,"num subsets 为 90, algo_4 为使用更快算法的Lomonosov方法"
0.9016361236572266,0.4005134105682373,1.1190967559814453,0.9925570487976074,600,18,"num subsets 为 90, algo_4 为使用更快算法的Lomonosov方法"
0.6750953197479248,0.851797342300415,1.069563627243042,0.9512522220611572,600,18,"num subsets 为 90, algo_4 为使用更快算法的Lomonosov方法"
0.7077083587646484,0.5181736946105957,1.0377941131591797,1.0179355144500732,600,18,"num subsets 为 90, algo_4 为使用更快算法的Lomonosov方法"
0.6761081218719482,0.45056915283203125,1.0116641521453857,0.9819724559783936,600,18,"num subsets 为 90, algo_4 为使用更快算法的Lomonosov方法"
0.3760063648223877,0.593153715133667,0.8536396026611328,0.7822995185852051,600,18,"num subsets 为 90, algo_4 为使用更快算法的Lomonosov方法"
0.6838314533233643,0.4757671356201172,0.9937934875488281,0.9559144973754883,600,18,"num subsets 为 90, algo_4 为使用更快算法的Lomonosov方法"
0.670302152633667,0.37509822845458984,1.0646302700042725,1.0328128337860107,600,18,"num subsets 为 90, algo_4 为使用更快算法的Lomonosov方法"
0.6587693691253662,0.6438333988189697,1.0772674083709717,0.9675073623657227,600,18,"num subsets 为 90, algo_4 为使用更快算法的Lomonosov方法"
0.7045919895172119,0.6951017379760742,1.0764360427856445,1.0328593254089355,600,18,"num subsets 为 90, algo_4 为使用更快算法的Lomonosov方法"
0.8898446559906006,0.6376583576202393,1.1177663803100586,0.9608337879180908,600,18,"num subsets 为 90, algo_4 为使用更快算法的Lomonosov方法"
0.641040563583374,0.6163265705108643,1.0599408149719238,0.9286403656005859,600,18,"num subsets 为 90, algo_4 为使用更快算法的Lomonosov方法"
0.33614087104797363,2.1937530040740967,0.9255411624908447,0.8348250389099121,600,18,"num subsets 为 90, algo_4 为使用更快算法的Lomonosov方法"
0.6843483448028564,0.62550950050354,1.0161287784576416,0.917431116104126,600,18,"num subsets 为 90, algo_4 为使用更快算法的Lomonosov方法"
0.676128625869751,0.7481777667999268,0.9322896003723145,0.8910777568817139,600,18,"num subsets 为 90, algo_4 为使用更快算法的Lomonosov方法"
0.6388058662414551,0.3005390167236328,0.8761861324310303,0.8096420764923096,600,18,"num subsets 为 90, algo_4 为使用更快算法的Lomonosov方法"
0.6940052509307861,0.44512248039245605,0.9770932197570801,1.0077674388885498,600,18,"num subsets 为 90, algo_4 为使用更快算法的Lomonosov方法"
0.669623851776123,0.7341759204864502,1.002244234085083,0.9122574329376221,600,18,"num subsets 为 90, algo_4 为使用更快算法的Lomonosov方法"
0.38862156867980957,0.5355072021484375,0.8742096424102783,0.8572425842285156,600,18,"num subsets 为 90, algo_4 为使用更快算法的Lomonosov方法"
0.4134352207183838,0.6298036575317383,0.9821562767028809,0.8585348129272461,600,18,"num subsets 为 90, algo_4 为使用更快算法的Lomonosov方法"
0.6788642406463623,0.5597004890441895,0.9675779342651367,0.9778616428375244,600,18,"num subsets 为 90, algo_4 为使用更快算法的Lomonosov方法"
0.6030445098876953,1.4441893100738525,0.9599609375,0.85935378074646,600,18,"num subsets 为 90, algo_4 为使用更快算法的Lomonosov方法"
0.7372221946716309,0.7418179512023926,0.9884603023529053,0.8419668674468994,600,18,"num subsets 为 90, algo_4 为使用更快算法的Lomonosov方法"
0.6783511638641357,0.8495645523071289,1.1239919662475586,0.943840742111206,600,18,"num subsets 为 90, algo_4 为使用更快算法的Lomonosov方法"
0.6415796279907227,0.5103304386138916,1.0229711532592773,1.0024652481079102,600,18,"num subsets 为 90, algo_4 为使用更快算法的Lomonosov方法"
0.3978307247161865,0.857050895690918,0.9280381202697754,0.9685554504394531,600,18,"num subsets 为 90, algo_4 为使用更快算法的Lomonosov方法"
0.402393102645874,0.5742120742797852,0.8689250946044922,0.8203120231628418,600,18,"num subsets 为 90, algo_4 为使用更快算法的Lomonosov方法"
0.4045872688293457,0.8768491744995117,0.9503915309906006,0.9986104965209961,600,18,"num subsets 为 90, algo_4 为使用更快算法的Lomonosov方法"
0.9442217350006104,0.5724086761474609,1.1072993278503418,1.022207260131836,600,18,"num subsets 为 90, algo_4 为使用更快算法的Lomonosov方法"
0.6856718063354492,0.7040343284606934,1.1198039054870605,1.068173885345459,600,18,"num subsets 为 90, algo_4 为使用更快算法的Lomonosov方法"
0.6988139152526855,0.35831189155578613,0.9598903656005859,1.023402214050293,600,18,"num subsets 为 90, algo_4 为使用更快算法的Lomonosov方法"
0.3580923080444336,0.7396559715270996,0.9976346492767334,0.9784605503082275,600,18,"num subsets 为 90, algo_4 为使用更快算法的Lomonosov方法"
0.7031075954437256,0.6116759777069092,1.070054054260254,0.9784154891967773,600,18,"num subsets 为 90, algo_4 为使用更快算法的Lomonosov方法"
0.8860993385314941,0.43988776206970215,1.1720890998840332,1.084115743637085,600,18,"num subsets 为 90, algo_4 为使用更快算法的Lomonosov方法"
0.6646134853363037,1.4826359748840332,1.1555426120758057,1.0601246356964111,600,18,"num subsets 为 90, algo_4 为使用更快算法的Lomonosov方法"
0.6877586841583252,0.6210784912109375,1.122039556503296,1.0706398487091064,600,18,"num subsets 为 90, algo_4 为使用更快算法的Lomonosov方法"
0.6996653079986572,0.7066471576690674,1.1261801719665527,1.0472877025604248,600,18,"num subsets 为 90, algo_4 为使用更快算法的Lomonosov方法"
0.6641228199005127,0.5555455684661865,1.1045863628387451,1.0568981170654297,600,18,"num subsets 为 90, algo_4 为使用更快算法的Lomonosov方法"
0.6973052024841309,0.933962345123291,1.147233247756958,0.9627811908721924,600,18,"num subsets 为 90, algo_4 为使用更快算法的Lomonosov方法"
0.6684579849243164,1.2231273651123047,1.139134407043457,1.0161218643188477,600,18,"num subsets 为 90, algo_4 为使用更快算法的Lomonosov方法"
0.9879791736602783,0.42209601402282715,1.220245361328125,1.173144817352295,600,18,"num subsets 为 90, algo_4 为使用更快算法的Lomonosov方法"
0.6906015872955322,1.7124583721160889,1.1748418807983398,1.0511527061462402,600,18,"num subsets 为 90, algo_4 为使用更快算法的Lomonosov方法"
0.7221450805664062,0.5748791694641113,1.0336322784423828,1.0310144424438477,600,18,"num subsets 为 90, algo_4 为使用更快算法的Lomonosov方法"
0.706575870513916,0.45604491233825684,1.0412094593048096,1.0066821575164795,600,18,"num subsets 为 90, algo_4 为使用更快算法的Lomonosov方法"
0.6951444149017334,0.9080276489257812,1.131377935409546,0.9540209770202637,600,18,"num subsets 为 90, algo_4 为使用更快算法的Lomonosov方法"
0.6737041473388672,1.115811824798584,1.1105895042419434,0.9019978046417236,600,18,"num subsets 为 90, algo_4 为使用更快算法的Lomonosov方法"
0.6031844615936279,2.077453851699829,1.0542917251586914,1.004079818725586,600,18,"num subsets 为 90, algo_4 为使用更快算法的Lomonosov方法"
0.6838092803955078,0.4625678062438965,0.9754376411437988,0.9355876445770264,600,18,"num subsets 为 90, algo_4 为使用更快算法的Lomonosov方法"
0.9456634521484375,0.4522736072540283,1.1739730834960938,1.1992652416229248,600,18,"num subsets 为 90, algo_4 为使用更快算法的Lomonosov方法"
0.948310136795044,0.3643193244934082,1.1649134159088135,1.124697208404541,600,18,"num subsets 为 90, algo_4 为使用更快算法的Lomonosov方法"
0.35683751106262207,0.5936663150787354,0.8154847621917725,0.8678195476531982,600,18,"num subsets 为 90, algo_4 为使用更快算法的Lomonosov方法"
0.7247109413146973,0.6313927173614502,1.0758471488952637,1.1175496578216553,600,18,"num subsets 为 90, algo_4 为使用更快算法的Lomonosov方法"
0.7164983749389648,0.5321245193481445,1.0888547897338867,0.968146800994873,600,18,"num subsets 为 90, algo_4 为使用更快算法的Lomonosov方法"
0.42412424087524414,0.9679334163665771,0.9946901798248291,0.9326536655426025,600,18,"num subsets 为 90, algo_4 为使用更快算法的Lomonosov方法"
0.707606315612793,0.6126244068145752,1.073038101196289,0.961524486541748,600,18,"num subsets 为 90, algo_4 为使用更快算法的Lomonosov方法"
0.6710186004638672,1.046165943145752,1.0265963077545166,1.0578527450561523,600,18,"num subsets 为 90, algo_4 为使用更快算法的Lomonosov方法"
0.9835231304168701,0.5305144786834717,1.223952293395996,1.0979928970336914,600,18,"num subsets 为 90, algo_4 为使用更快算法的Lomonosov方法"
0.7474286556243896,0.3456554412841797,1.0867609977722168,1.0975496768951416,600,18,"num subsets 为 90, algo_4 为使用更快算法的Lomonosov方法"
1.0155649185180664,0.47899484634399414,1.255101203918457,1.2707867622375488,600,18,"num subsets 为 90, algo_4 为使用更快算法的Lomonosov方法"
0.6116468906402588,1.3310773372650146,1.1765327453613281,1.0531997680664062,600,18,"num subsets 为 90, algo_4 为使用更快算法的Lomonosov方法"
0.4319014549255371,0.43860816955566406,0.9340014457702637,0.9797711372375488,600,18,"num subsets 为 90, algo_4 为使用更快算法的Lomonosov方法"
0.4237098693847656,0.5882759094238281,1.0350196361541748,1.002748966217041,600,18,"num subsets 为 90, algo_4 为使用更快算法的Lomonosov方法"
0.37017154693603516,1.676164150238037,1.05857515335083,1.0269536972045898,600,18,"num subsets 为 90, algo_4 为使用更快算法的Lomonosov方法"
0.7158184051513672,0.3765683174133301,1.1036181449890137,1.0660641193389893,600,18,"num subsets 为 90, algo_4 为使用更快算法的Lomonosov方法"
1.0217854976654053,0.4232289791107178,1.3022849559783936,1.2425825595855713,600,18,"num subsets 为 90, algo_4 为使用更快算法的Lomonosov方法"
0.3841719627380371,0.4756956100463867,0.9569034576416016,0.8945748805999756,600,18,"num subsets 为 90, algo_4 为使用更快算法的Lomonosov方法"
0.7996556758880615,0.5208485126495361,1.0854873657226562,1.1561450958251953,600,18,"num subsets 为 90, algo_4 为使用更快算法的Lomonosov方法"
1.0006828308105469,1.0076980590820312,1.2990138530731201,1.1561050415039062,600,18,"num subsets 为 90, algo_4 为使用更快算法的Lomonosov方法"
0.6608543395996094,1.67850923538208,1.1750328540802002,1.0261600017547607,600,18,"num subsets 为 90, algo_4 为使用更快算法的Lomonosov方法"
0.44356226921081543,0.5647914409637451,0.9822549819946289,1.0710265636444092,600,18,"num subsets 为 90, algo_4 为使用更快算法的Lomonosov方法"
0.7606186866760254,0.5424408912658691,1.0782670974731445,1.1119458675384521,600,18,"num subsets 为 90, algo_4 为使用更快算法的Lomonosov方法"
0.7161102294921875,0.9635818004608154,1.2615516185760498,1.1317708492279053,600,18,"num subsets 为 90, algo_4 为使用更快算法的Lomonosov方法"
1.0629572868347168,0.6717698574066162,1.4678537845611572,1.3198020458221436,600,18,"num subsets 为 90, algo_4 为使用更快算法的Lomonosov方法"
0.7075510025024414,0.9285304546356201,1.173879861831665,1.0184268951416016,600,18,"num subsets 为 90, algo_4 为使用更快算法的Lomonosov方法"
0.40326905250549316,0.6962230205535889,0.7893376350402832,0.7920801639556885,600,18,"num subsets 为 90, algo_4 为使用更快算法的Lomonosov方法"
0.3181722164154053,0.43582940101623535,0.8111529350280762,0.7331068515777588,600,18,"num subsets 为 90, algo_4 为使用更快算法的Lomonosov方法"
0.6302847862243652,0.7147259712219238,0.8844873905181885,0.781865119934082,600,18,"num subsets 为 90, algo_4 为使用更快算法的Lomonosov方法"
0.6926422119140625,0.8415415287017822,1.1359789371490479,1.2088959217071533,600,18,"num subsets 为 90, algo_4 为使用更快算法的Lomonosov方法"
0.7715213298797607,0.6364529132843018,1.1705231666564941,1.2777035236358643,600,18,"num subsets 为 90, algo_4 为使用更快算法的Lomonosov方法"
0.9963300228118896,0.4298279285430908,1.25766921043396,1.2127666473388672,600,18,"num subsets 为 90, algo_4 为使用更快算法的Lomonosov方法"
0.692070484161377,0.46164369583129883,1.1472463607788086,1.1299018859863281,600,18,"num subsets 为 90, algo_4 为使用更快算法的Lomonosov方法"
0.7850668430328369,0.462909460067749,1.1344504356384277,1.1138036251068115,600,18,"num subsets 为 90, algo_4 为使用更快算法的Lomonosov方法"
0.7549326419830322,0.8133945465087891,1.125276803970337,1.0847702026367188,600,18,"num subsets 为 90, algo_4 为使用更快算法的Lomonosov方法"
0.8177680969238281,0.5730786323547363,1.266601324081421,1.1751823425292969,600,18,"num subsets 为 90, algo_4 为使用更快算法的Lomonosov方法"
0.4582219123840332,0.3480710983276367,0.9903171062469482,0.9851665496826172,600,18,"num subsets 为 90, algo_4 为使用更快算法的Lomonosov方法"
1.2144508361816406,0.49928927421569824,1.5569109916687012,1.4168899059295654,600,18,"num subsets 为 90, algo_4 为使用更快算法的Lomonosov方法"
0.3970000743865967,0.49559473991394043,0.9884979724884033,1.0237836837768555,600,18,"num subsets 为 90, algo_4 为使用更快算法的Lomonosov方法"
0.6686668395996094,0.945842981338501,1.145681381225586,1.1761596202850342,600,18,"num subsets 为 90, algo_4 为使用更快算法的Lomonosov方法"
0.41799020767211914,1.7060999870300293,1.2285089492797852,1.2138779163360596,600,18,"num subsets 为 90, algo_4 为使用更快算法的Lomonosov方法"
0.3465280532836914,0.9224026203155518,0.7635154724121094,0.7707211971282959,600,18,"num subsets 为 90, algo_4 为使用更快算法的Lomonosov方法"
0.8884701728820801,0.40317296981811523,0.9654440879821777,0.9810364246368408,600,18,"num subsets 为 90, algo_4 为使用更快算法的Lomonosov方法"
0.9592347145080566,0.6467623710632324,1.0110900402069092,1.0154495239257812,600,18,"num subsets 为 90, algo_4 为使用更快算法的Lomonosov方法"
0.6800594329833984,1.2171189785003662,1.2380380630493164,1.1580960750579834,600,18,"num subsets 为 90, algo_4 为使用更快算法的Lomonosov方法"
0.7548339366912842,0.44211864471435547,1.0455210208892822,1.0605180263519287,600,18,"num subsets 为 90, algo_4 为使用更快算法的Lomonosov方法"
0.738732099533081,0.43111371994018555,1.07096266746521,1.1149046421051025,600,18,"num subsets 为 90, algo_4 为使用更快算法的Lomonosov方法"
0.9964156150817871,0.39519381523132324,1.2563161849975586,1.118760108947754,600,18,"num subsets 为 90, algo_4 为使用更快算法的Lomonosov方法"
1.037909746170044,0.38857388496398926,1.2634074687957764,1.3303112983703613,600,18,"num subsets 为 90, algo_4 为使用更快算法的Lomonosov方法"
0.7587759494781494,0.595714807510376,1.318589448928833,1.2373759746551514,600,18,"num subsets 为 90, algo_4 为使用更快算法的Lomonosov方法"
0.6295409202575684,1.072925090789795,1.0593008995056152,0.9299767017364502,600,18,"num subsets 为 90, algo_4 为使用更快算法的Lomonosov方法"
0.7445430755615234,0.3250248432159424,1.0317742824554443,1.0419011116027832,600,18,"num subsets 为 90, algo_4 为使用更快算法的Lomonosov方法"
0.7274339199066162,0.331085205078125,1.0997390747070312,1.0482099056243896,600,18,"num subsets 为 90, algo_4 为使用更快算法的Lomonosov方法"
1.0663034915924072,0.9539322853088379,1.3716762065887451,1.353522539138794,600,18,"num subsets 为 90, algo_4 为使用更快算法的Lomonosov方法"
0.9970991611480713,0.49057579040527344,1.3941173553466797,1.3076655864715576,600,18,"num subsets 为 90, algo_4 为使用更快算法的Lomonosov方法"
0.7827804088592529,0.44312381744384766,1.1714842319488525,1.0402257442474365,600,18,"num subsets 为 90, algo_4 为使用更快算法的Lomonosov方法"
0.6362044811248779,1.0138516426086426,1.1541385650634766,1.2099485397338867,600,18,"num subsets 为 90, algo_4 为使用更快算法的Lomonosov方法"
0.7740826606750488,0.7116477489471436,1.2717649936676025,1.1840488910675049,600,18,"num subsets 为 90, algo_4 为使用更快算法的Lomonosov方法"
0.4366302490234375,0.5529348850250244,0.9887022972106934,0.9633862972259521,600,18,"num subsets 为 90, algo_4 为使用更快算法的Lomonosov方法"
0.4500105381011963,1.4661955833435059,1.1816165447235107,1.1173100471496582,600,18,"num subsets 为 90, algo_4 为使用更快算法的Lomonosov方法"
0.39969563484191895,0.5660510063171387,1.0668458938598633,1.1051421165466309,600,18,"num subsets 为 90, algo_4 为使用更快算法的Lomonosov方法"
0.7461321353912354,0.3531494140625,1.2868893146514893,1.3709056377410889,600,18,"num subsets 为 90, algo_4 为使用更快算法的Lomonosov方法"
0.7438254356384277,0.5544586181640625,1.199385643005371,1.1151914596557617,600,18,"num subsets 为 90, algo_4 为使用更快算法的Lomonosov方法"
0.7809016704559326,0.5070953369140625,1.2860498428344727,1.1736910343170166,600,18,"num subsets 为 90, algo_4 为使用更快算法的Lomonosov方法"
0.4710268974304199,0.48702025413513184,1.0622563362121582,1.0356338024139404,600,18,"num subsets 为 90, algo_4 为使用更快算法的Lomonosov方法"
0.4147069454193115,0.8218536376953125,1.0934674739837646,1.0569267272949219,600,18,"num subsets 为 90, algo_4 为使用更快算法的Lomonosov方法"
0.777550220489502,0.47507262229919434,1.2809271812438965,1.2828583717346191,600,18,"num subsets 为 90, algo_4 为使用更快算法的Lomonosov方法"
0.7802348136901855,1.1828627586364746,1.3214836120605469,1.3288841247558594,600,18,"num subsets 为 90, algo_4 为使用更快算法的Lomonosov方法"
0.4700655937194824,0.7520368099212646,1.2003319263458252,1.189216136932373,600,18,"num subsets 为 90, algo_4 为使用更快算法的Lomonosov方法"
0.7140250205993652,0.9009518623352051,1.175661325454712,1.0593321323394775,600,18,"num subsets 为 90, algo_4 为使用更快算法的Lomonosov方法"
0.7858600616455078,0.7176170349121094,1.2646548748016357,1.166139841079712,600,18,"num subsets 为 90, algo_4 为使用更快算法的Lomonosov方法"
0.7845120429992676,0.9475140571594238,1.432694911956787,1.2928905487060547,600,18,"num subsets 为 90, algo_4 为使用更快算法的Lomonosov方法"
0.45612239837646484,0.9436783790588379,1.0274028778076172,1.037078619003296,600,18,"num subsets 为 90, algo_4 为使用更快算法的Lomonosov方法"
0.769207239151001,0.5916340351104736,1.2413609027862549,1.2366952896118164,600,18,"num subsets 为 90, algo_4 为使用更快算法的Lomonosov方法"
0.4331037998199463,0.5005199909210205,1.0880224704742432,1.056067943572998,600,18,"num subsets 为 90, algo_4 为使用更快算法的Lomonosov方法"
0.7375259399414062,0.7488434314727783,1.1934902667999268,1.0876505374908447,600,18,"num subsets 为 90, algo_4 为使用更快算法的Lomonosov方法"
1.058173418045044,0.6771981716156006,1.4259517192840576,1.3990085124969482,600,18,"num subsets 为 90, algo_4 为使用更快算法的Lomonosov方法"
0.7969157695770264,0.6833446025848389,1.398188591003418,1.1941652297973633,600,18,"num subsets 为 90, algo_4 为使用更快算法的Lomonosov方法"
0.7800772190093994,0.6496708393096924,1.246098279953003,1.2088212966918945,600,18,"num subsets 为 90, algo_4 为使用更快算法的Lomonosov方法"
0.7499642372131348,0.8145697116851807,1.2611198425292969,1.1168620586395264,600,18,"num subsets 为 90, algo_4 为使用更快算法的Lomonosov方法"
0.8044250011444092,0.47165346145629883,1.2021794319152832,1.2603480815887451,600,18,"num subsets 为 90, algo_4 为使用更快算法的Lomonosov方法"
1.1113040447235107,0.5664355754852295,1.3526086807250977,1.324331521987915,600,18,"num subsets 为 90, algo_4 为使用更快算法的Lomonosov方法"
0.4485654830932617,1.0467371940612793,1.174614667892456,1.1062047481536865,600,18,"num subsets 为 90, algo_4 为使用更快算法的Lomonosov方法"
1.02880859375,0.6403248310089111,1.3973851203918457,1.299553394317627,600,18,"num subsets 为 90, algo_4 为使用更快算法的Lomonosov方法"
1.0951933860778809,0.4640383720397949,1.4220364093780518,1.4256036281585693,600,18,"num subsets 为 90, algo_4 为使用更快算法的Lomonosov方法"
0.6916892528533936,0.5386226177215576,1.0000026226043701,1.0326149463653564,600,18,"num subsets 为 90, algo_4 为使用更快算法的Lomonosov方法"
0.8075289726257324,0.7317984104156494,1.375006914138794,1.272230863571167,600,18,"num subsets 为 90, algo_4 为使用更快算法的Lomonosov方法"
0.7590186595916748,0.858264684677124,1.179961919784546,1.0492370128631592,600,18,"num subsets 为 90, algo_4 为使用更快算法的Lomonosov方法"
1.1419246196746826,0.7500903606414795,1.501807451248169,1.2998619079589844,600,18,"num subsets 为 90, algo_4 为使用更快算法的Lomonosov方法"
0.7855048179626465,0.6981110572814941,1.2862861156463623,1.2675769329071045,600,18,"num subsets 为 90, algo_4 为使用更快算法的Lomonosov方法"
0.7938969135284424,0.3570075035095215,1.220118522644043,1.2019987106323242,600,18,"num subsets 为 90, algo_4 为使用更快算法的Lomonosov方法"
0.7573964595794678,0.7629578113555908,1.1966297626495361,1.24906587600708,600,18,"num subsets 为 90, algo_4 为使用更快算法的Lomonosov方法"
0.7516574859619141,1.1102135181427002,1.4078774452209473,1.3561515808105469,600,18,"num subsets 为 90, algo_4 为使用更快算法的Lomonosov方法"
0.7876319885253906,0.7032670974731445,1.2052748203277588,1.1590027809143066,600,18,"num subsets 为 90, algo_4 为使用更快算法的Lomonosov方法"
0.7617950439453125,0.4955265522003174,1.3081607818603516,1.3690581321716309,600,18,"num subsets 为 90, algo_4 为使用更快算法的Lomonosov方法"
